,start_district,finish_district,count,total_distance,total_duration,time
0,000,101,241.0,2124139.0,570443.0,day
1,000,101,77.0,698989.0,187548.0,evening
2,000,101,78.0,735020.0,198381.0,morning
3,000,101,18.0,153603.0,41394.0,night
4,000,102,152.0,1438709.0,389706.0,day
5,000,102,84.0,709929.0,196230.0,evening
6,000,102,58.0,543882.0,146959.0,morning
7,000,102,9.0,89619.0,24135.0,night
8,000,103,1776.0,12302115.0,3374509.0,day
9,000,103,880.0,6188926.0,1692652.0,evening
10,000,103,754.0,5455026.0,1504316.0,morning
11,000,103,98.0,715362.0,196046.0,night
12,000,104,783.0,5403244.0,1397645.0,day
13,000,104,315.0,2195659.0,567261.0,evening
14,000,104,217.0,1523305.0,397708.0,morning
15,000,104,44.0,294942.0,76119.0,night
16,000,105,4148.0,19393472.0,5361731.0,day
17,000,105,2062.0,9768965.0,2698201.0,evening
18,000,105,936.0,4800431.0,1316410.0,morning
19,000,105,324.0,1511360.0,416492.0,night
20,000,201,2953.0,16699192.0,4263829.0,day
21,000,201,1341.0,7540032.0,1917695.0,evening
22,000,201,1288.0,7533167.0,1926998.0,morning
23,000,201,149.0,837483.0,214558.0,night
24,000,202,5789.0,20667501.0,5238778.0,day
25,000,202,3647.0,12736110.0,3227991.0,evening
26,000,202,1117.0,4515706.0,1140773.0,morning
27,000,202,322.0,1183151.0,297026.0,night
28,000,203,992.0,5568244.0,1436784.0,day
29,000,203,670.0,3562953.0,921995.0,evening
30,000,203,355.0,1749863.0,451454.0,morning
31,000,203,73.0,413389.0,107092.0,night
32,000,204,1461.0,5107831.0,1390102.0,day
33,000,204,1086.0,3696525.0,1007319.0,evening
34,000,204,1521.0,5317064.0,1426202.0,morning
35,000,204,125.0,427157.0,115588.0,night
36,000,301,75.0,730426.0,195094.0,day
37,000,301,39.0,389657.0,104650.0,evening
38,000,301,19.0,194407.0,52326.0,morning
39,000,301,14.0,138029.0,37213.0,night
40,000,302,62.0,549727.0,148391.0,day
41,000,302,50.0,449882.0,121185.0,evening
42,000,302,28.0,227202.0,61904.0,morning
43,000,302,16.0,130395.0,35365.0,night
44,000,303,90.0,810998.0,220361.0,day
45,000,303,79.0,706546.0,190726.0,evening
46,000,303,112.0,985015.0,264708.0,morning
47,000,303,12.0,108172.0,29218.0,night
48,000,304,241.0,1814613.0,496942.0,day
49,000,304,86.0,649917.0,176994.0,evening
50,000,304,226.0,1704416.0,460222.0,morning
51,000,304,16.0,121347.0,32810.0,night
52,000,305,46.0,418022.0,116358.0,day
53,000,305,18.0,175838.0,48504.0,evening
54,000,305,21.0,213213.0,58418.0,morning
55,000,305,5.0,50619.0,13671.0,night
56,000,401,16.0,133255.0,35043.0,day
57,000,401,3.0,27513.0,7309.0,evening
58,000,401,1.0,7167.0,1874.0,morning
59,000,402,6.0,47232.0,12407.0,day
60,000,402,3.0,33205.0,8587.0,evening
61,000,402,3.0,20029.0,5323.0,morning
62,000,404,12.0,114472.0,31872.0,day
63,000,404,4.0,40046.0,11076.0,evening
64,000,404,1.0,9915.0,2711.0,morning
65,000,404,1.0,7994.0,2182.0,night
66,000,501,9.0,126042.0,33674.0,day
67,000,501,2.0,25657.0,6947.0,evening
68,000,501,1.0,11940.0,3285.0,night
69,000,601,1.0,12685.0,3363.0,day
70,000,602,5.0,78703.0,21368.0,day
71,000,602,1.0,17640.0,4822.0,evening
72,000,602,4.0,72358.0,19440.0,morning
73,000,602,1.0,13592.0,3602.0,night
74,000,701,2.0,33956.0,9284.0,day
75,000,701,2.0,41963.0,11045.0,evening
76,000,702,1.0,17682.0,4857.0,day
77,000,702,2.0,35364.0,9714.0,evening
78,101,000,185.0,1633746.0,437774.0,day
79,101,000,91.0,796951.0,214002.0,evening
80,101,000,75.0,642113.0,175343.0,morning
81,101,000,36.0,322991.0,86861.0,night
82,101,101,34128.0,32273253.0,9351242.0,day
83,101,101,19201.0,18830155.0,5406465.0,evening
84,101,101,20351.0,20838769.0,6051116.0,morning
85,101,101,2727.0,2844203.0,811630.0,night
86,101,102,25376.0,40011530.0,11854361.0,day
87,101,102,14168.0,23415938.0,6974002.0,evening
88,101,102,22252.0,30505714.0,9098953.0,morning
89,101,102,2106.0,3350070.0,1015737.0,night
90,101,103,48830.0,77374283.0,23643724.0,day
91,101,103,26852.0,43230505.0,13224569.0,evening
92,101,103,31070.0,56979425.0,16956139.0,morning
93,101,103,4365.0,7133687.0,2171370.0,night
94,101,104,16585.0,35839714.0,9948969.0,day
95,101,104,10329.0,22289834.0,6171365.0,evening
96,101,104,3589.0,7792640.0,2199776.0,morning
97,101,104,1500.0,3282496.0,900362.0,night
98,101,105,3807.0,16086434.0,4381508.0,day
99,101,105,2336.0,9988030.0,2730188.0,evening
100,101,105,622.0,2853092.0,780552.0,morning
101,101,105,564.0,2428831.0,660582.0,night
102,101,201,6006.0,23438027.0,6318992.0,day
103,101,201,4291.0,16909197.0,4546067.0,evening
104,101,201,1491.0,5891332.0,1632954.0,morning
105,101,201,635.0,2494833.0,671196.0,night
106,101,202,1192.0,6314083.0,1656802.0,day
107,101,202,933.0,4979268.0,1307426.0,evening
108,101,202,150.0,828338.0,217815.0,morning
109,101,202,141.0,767533.0,201374.0,night
110,101,203,730.0,4608408.0,1230769.0,day
111,101,203,616.0,3847256.0,1026136.0,evening
112,101,203,75.0,493226.0,132008.0,morning
113,101,203,104.0,654906.0,173898.0,night
114,101,204,72.0,555837.0,149733.0,day
115,101,204,71.0,550103.0,148695.0,evening
116,101,204,16.0,118997.0,32225.0,morning
117,101,204,15.0,121750.0,32558.0,night
118,101,301,31194.0,59233360.0,16854801.0,day
119,101,301,22793.0,42970426.0,12186781.0,evening
120,101,301,10380.0,18928909.0,5326280.0,morning
121,101,301,3682.0,7084882.0,2023573.0,night
122,101,302,5958.0,15376417.0,4924207.0,day
123,101,302,4590.0,11857862.0,3786209.0,evening
124,101,302,761.0,2025472.0,638554.0,morning
125,101,302,705.0,1817886.0,578888.0,night
126,101,303,5509.0,18433080.0,5564765.0,day
127,101,303,4261.0,14202575.0,4287284.0,evening
128,101,303,1330.0,4443464.0,1328051.0,morning
129,101,303,713.0,2365631.0,712139.0,night
130,101,304,2181.0,8673759.0,2543180.0,day
131,101,304,1547.0,6116089.0,1789257.0,evening
132,101,304,677.0,2878883.0,851564.0,morning
133,101,304,279.0,1129649.0,332506.0,night
134,101,305,3511.0,17578907.0,4889527.0,day
135,101,305,2184.0,10894292.0,3040028.0,evening
136,101,305,446.0,2179266.0,595995.0,morning
137,101,305,322.0,1638710.0,454661.0,night
138,101,401,65.0,482453.0,141230.0,day
139,101,401,65.0,481731.0,141173.0,evening
140,101,401,1.0,7427.0,2146.0,morning
141,101,401,4.0,30664.0,8808.0,night
142,101,402,7.0,60613.0,17688.0,day
143,101,402,7.0,61037.0,17852.0,evening
144,101,402,3.0,25061.0,7314.0,night
145,101,404,139.0,1092022.0,304270.0,day
146,101,404,106.0,824134.0,235758.0,evening
147,101,404,13.0,100058.0,28747.0,morning
148,101,404,7.0,53774.0,15499.0,night
149,101,501,106.0,804414.0,214810.0,day
150,101,501,127.0,931323.0,246399.0,evening
151,101,501,7.0,56585.0,14901.0,morning
152,101,501,41.0,308604.0,79867.0,night
153,101,601,812.0,3787208.0,1021455.0,day
154,101,601,665.0,3110792.0,836643.0,evening
155,101,601,156.0,728984.0,194493.0,morning
156,101,601,136.0,641127.0,172054.0,night
157,101,602,536.0,3550181.0,952181.0,day
158,101,602,350.0,2313704.0,618427.0,evening
159,101,602,104.0,759667.0,198162.0,morning
160,101,602,75.0,507981.0,136465.0,night
161,101,603,10.0,93154.0,25462.0,day
162,101,603,11.0,103846.0,28646.0,evening
163,101,603,1.0,9276.0,2575.0,morning
164,101,603,13.0,129374.0,35852.0,night
165,101,701,18.0,185185.0,48203.0,day
166,101,701,16.0,170973.0,44243.0,evening
167,101,701,2.0,21862.0,5642.0,morning
168,101,701,5.0,50401.0,13289.0,night
169,101,702,3.0,32605.0,8863.0,evening
170,101,702,3.0,32966.0,8982.0,morning
171,101,702,9.0,103212.0,27947.0,night
172,102,000,140.0,1222948.0,333599.0,day
173,102,000,85.0,752279.0,205445.0,evening
174,102,000,66.0,552762.0,150507.0,morning
175,102,000,37.0,341202.0,92997.0,night
176,102,101,28165.0,41268659.0,11658260.0,day
177,102,101,16496.0,26844873.0,7660467.0,evening
178,102,101,15408.0,23281698.0,6547607.0,morning
179,102,101,3436.0,5545258.0,1569985.0,night
180,102,102,35942.0,41750831.0,12240132.0,day
181,102,102,24625.0,27250504.0,8048968.0,evening
182,102,102,14002.0,14826170.0,4380331.0,morning
183,102,102,3560.0,3558872.0,1063502.0,night
184,102,103,32162.0,57052561.0,16688369.0,day
185,102,103,23038.0,41826274.0,12205990.0,evening
186,102,103,19625.0,33594922.0,9774156.0,morning
187,102,103,4359.0,7772070.0,2288920.0,night
188,102,104,3824.0,12034860.0,3289264.0,day
189,102,104,2661.0,8558463.0,2348982.0,evening
190,102,104,1379.0,4501042.0,1242188.0,morning
191,102,104,535.0,1716340.0,464958.0,night
192,102,105,2515.0,10830210.0,2957076.0,day
193,102,105,2212.0,9502080.0,2580910.0,evening
194,102,105,741.0,3041758.0,825137.0,morning
195,102,105,628.0,2726018.0,735509.0,night
196,102,201,1170.0,5646749.0,1513734.0,day
197,102,201,937.0,4523011.0,1217353.0,evening
198,102,201,804.0,3736794.0,1031245.0,morning
199,102,201,196.0,945213.0,252662.0,night
200,102,202,317.0,1973432.0,517569.0,day
201,102,202,266.0,1686650.0,446030.0,evening
202,102,202,154.0,981159.0,257648.0,morning
203,102,202,58.0,365650.0,96191.0,night
204,102,203,67.0,482351.0,127651.0,day
205,102,203,62.0,442380.0,117293.0,evening
206,102,203,19.0,142838.0,37559.0,morning
207,102,203,15.0,108458.0,28564.0,night
208,102,204,12.0,108672.0,29186.0,day
209,102,204,7.0,67602.0,18190.0,evening
210,102,204,11.0,91937.0,24928.0,morning
211,102,204,4.0,33259.0,8904.0,night
212,102,301,9535.0,28997953.0,7969829.0,day
213,102,301,7653.0,23409910.0,6533412.0,evening
214,102,301,4141.0,13502475.0,3692120.0,morning
215,102,301,1190.0,3502639.0,985814.0,night
216,102,302,1314.0,4710424.0,1470703.0,day
217,102,302,1312.0,4784045.0,1480820.0,evening
218,102,302,366.0,1383119.0,428674.0,morning
219,102,302,249.0,875171.0,273246.0,night
220,102,303,1257.0,5316064.0,1573172.0,day
221,102,303,982.0,4234495.0,1260284.0,evening
222,102,303,771.0,3305535.0,996413.0,morning
223,102,303,157.0,675375.0,199638.0,night
224,102,304,362.0,1823899.0,520127.0,day
225,102,304,225.0,1182333.0,337344.0,evening
226,102,304,408.0,2142811.0,607447.0,morning
227,102,304,50.0,248515.0,70667.0,night
228,102,305,632.0,3801012.0,1001493.0,day
229,102,305,336.0,2025771.0,540011.0,evening
230,102,305,150.0,942426.0,250679.0,morning
231,102,305,60.0,367431.0,97623.0,night
232,102,401,7.0,59644.0,17273.0,day
233,102,401,9.0,76635.0,22169.0,evening
234,102,401,1.0,8208.0,2376.0,morning
235,102,402,2.0,19484.0,5633.0,day
236,102,402,1.0,9379.0,2705.0,evening
237,102,402,1.0,10014.0,2928.0,morning
238,102,402,1.0,9336.0,2729.0,night
239,102,404,14.0,114176.0,32868.0,day
240,102,404,12.0,112692.0,31878.0,evening
241,102,404,2.0,16318.0,4852.0,night
242,102,501,27.0,227496.0,58694.0,day
243,102,501,26.0,234775.0,61093.0,evening
244,102,501,5.0,51439.0,13327.0,morning
245,102,501,13.0,100099.0,25661.0,night
246,102,601,203.0,1135411.0,297918.0,day
247,102,601,218.0,1252853.0,331125.0,evening
248,102,601,73.0,411416.0,108014.0,morning
249,102,601,77.0,439621.0,115259.0,night
250,102,602,76.0,583931.0,152608.0,day
251,102,602,65.0,509904.0,132973.0,evening
252,102,602,21.0,167377.0,44029.0,morning
253,102,602,21.0,164726.0,43236.0,night
254,102,603,3.0,30775.0,8186.0,day
255,102,603,10.0,112981.0,30516.0,evening
256,102,603,1.0,10927.0,3046.0,morning
257,102,603,4.0,43201.0,11827.0,night
258,102,701,3.0,38361.0,9902.0,day
259,102,701,12.0,145617.0,37714.0,evening
260,102,701,1.0,10060.0,2643.0,morning
261,102,701,4.0,48209.0,12312.0,night
262,103,000,1486.0,10200314.0,2809684.0,day
263,103,000,885.0,6302563.0,1727610.0,evening
264,103,000,881.0,6059464.0,1657555.0,morning
265,103,000,329.0,2477479.0,679581.0,night
266,103,101,52566.0,88253489.0,25503257.0,day
267,103,101,21202.0,35011825.0,10081857.0,evening
268,103,101,34448.0,54076774.0,15689213.0,morning
269,103,101,3480.0,5829164.0,1680814.0,night
270,103,102,36284.0,64525472.0,18736591.0,day
271,103,102,24223.0,41986244.0,12297425.0,evening
272,103,102,26269.0,45575518.0,13362136.0,morning
273,103,102,2770.0,4364710.0,1297417.0,night
274,103,103,118657.0,135521564.0,42227020.0,day
275,103,103,73826.0,81525108.0,25209508.0,evening
276,103,103,69902.0,79710332.0,24347160.0,morning
277,103,103,8951.0,9862797.0,3015445.0,night
278,103,104,20186.0,40526254.0,11535725.0,day
279,103,104,15487.0,29651968.0,8410659.0,evening
280,103,104,6921.0,14616735.0,4187298.0,morning
281,103,104,2320.0,4129558.0,1162859.0,night
282,103,105,14906.0,41048178.0,11303738.0,day
283,103,105,11649.0,32763015.0,8994795.0,evening
284,103,105,4172.0,11589703.0,3174254.0,morning
285,103,105,2676.0,7939619.0,2172410.0,night
286,103,201,8592.0,30684893.0,8488906.0,day
287,103,201,7055.0,24728521.0,6823572.0,evening
288,103,201,4300.0,13873889.0,3940426.0,morning
289,103,201,1131.0,3866050.0,1063085.0,night
290,103,202,2726.0,13743427.0,3637801.0,day
291,103,202,2328.0,11556258.0,3058898.0,evening
292,103,202,600.0,2978258.0,783160.0,morning
293,103,202,507.0,2510068.0,661381.0,night
294,103,203,778.0,4730587.0,1276605.0,day
295,103,203,800.0,4615274.0,1237224.0,evening
296,103,203,90.0,559918.0,151361.0,morning
297,103,203,146.0,828349.0,223055.0,night
298,103,204,143.0,985400.0,267102.0,day
299,103,204,168.0,1188549.0,322841.0,evening
300,103,204,64.0,425101.0,116717.0,morning
301,103,204,22.0,162186.0,43884.0,night
302,103,301,11399.0,34136959.0,10028500.0,day
303,103,301,8320.0,24739110.0,7308069.0,evening
304,103,301,5163.0,16079918.0,4693899.0,morning
305,103,301,1273.0,3769829.0,1111311.0,night
306,103,302,6270.0,19778127.0,5984248.0,day
307,103,302,5479.0,16828021.0,5100231.0,evening
308,103,302,1692.0,5320826.0,1617684.0,morning
309,103,302,815.0,2452983.0,742999.0,night
310,103,303,3666.0,14263067.0,4277912.0,day
311,103,303,2767.0,10520025.0,3174885.0,evening
312,103,303,2862.0,11041614.0,3328214.0,morning
313,103,303,411.0,1540382.0,464812.0,night
314,103,304,1691.0,7021075.0,2061225.0,day
315,103,304,1124.0,4527926.0,1336899.0,evening
316,103,304,1342.0,5539647.0,1632238.0,morning
317,103,304,223.0,850104.0,250946.0,night
318,103,305,1690.0,9171947.0,2645998.0,day
319,103,305,997.0,5352078.0,1550027.0,evening
320,103,305,598.0,3180925.0,940696.0,morning
321,103,305,159.0,865495.0,250180.0,night
322,103,401,73.0,534721.0,157574.0,day
323,103,401,53.0,392747.0,114289.0,evening
324,103,401,8.0,57757.0,16981.0,morning
325,103,401,6.0,42230.0,12499.0,night
326,103,402,18.0,156809.0,44562.0,day
327,103,402,13.0,109316.0,31953.0,evening
328,103,402,1.0,8504.0,2276.0,morning
329,103,402,3.0,26591.0,7420.0,night
330,103,404,50.0,393815.0,113476.0,day
331,103,404,45.0,351056.0,101903.0,evening
332,103,404,6.0,45698.0,13220.0,morning
333,103,404,6.0,51762.0,14937.0,night
334,103,501,51.0,421814.0,119719.0,day
335,103,501,28.0,236885.0,67665.0,evening
336,103,501,8.0,66951.0,19295.0,morning
337,103,501,9.0,81249.0,23056.0,night
338,103,601,208.0,1195735.0,333326.0,day
339,103,601,153.0,879474.0,246185.0,evening
340,103,601,40.0,238314.0,66504.0,morning
341,103,601,21.0,120559.0,33464.0,night
342,103,602,82.0,631755.0,174744.0,day
343,103,602,51.0,409455.0,113667.0,evening
344,103,602,27.0,212326.0,59209.0,morning
345,103,602,10.0,83446.0,23237.0,night
346,103,603,5.0,56592.0,15724.0,day
347,103,603,1.0,8790.0,2447.0,evening
348,103,603,2.0,20542.0,5804.0,night
349,103,701,9.0,105214.0,27805.0,day
350,103,701,5.0,59390.0,15777.0,evening
351,103,701,4.0,46236.0,12217.0,morning
352,103,701,1.0,13473.0,3536.0,night
353,103,702,3.0,35140.0,9622.0,day
354,103,702,1.0,11701.0,3142.0,evening
355,103,702,1.0,12288.0,3397.0,night
356,104,000,338.0,2307375.0,598611.0,day
357,104,000,316.0,2220788.0,574914.0,evening
358,104,000,320.0,2190606.0,567815.0,morning
359,104,000,57.0,410383.0,106695.0,night
360,104,101,15019.0,32283934.0,8255153.0,day
361,104,101,7058.0,15505868.0,3977242.0,evening
362,104,101,11260.0,25043724.0,6414893.0,morning
363,104,101,782.0,1762228.0,449050.0,night
364,104,102,3492.0,11393168.0,3058546.0,day
365,104,102,2706.0,8842645.0,2402305.0,evening
366,104,102,2662.0,8187224.0,2172315.0,morning
367,104,102,239.0,740783.0,201227.0,night
368,104,103,19434.0,38558848.0,10797669.0,day
369,104,103,13735.0,26894269.0,7581030.0,evening
370,104,103,11448.0,25017116.0,6932239.0,morning
371,104,103,1436.0,2937807.0,832429.0,night
372,104,104,10262.0,7489146.0,2218394.0,day
373,104,104,8329.0,5702671.0,1686492.0,evening
374,104,104,4027.0,2979350.0,902555.0,morning
375,104,104,992.0,617727.0,181277.0,night
376,104,105,816.0,3813894.0,1001006.0,day
377,104,105,849.0,4021691.0,1061095.0,evening
378,104,105,351.0,1740670.0,454223.0,morning
379,104,105,136.0,673727.0,176860.0,night
380,104,201,7662.0,14811031.0,4197863.0,day
381,104,201,6556.0,12548702.0,3555880.0,evening
382,104,201,3636.0,6228205.0,1815260.0,morning
383,104,201,851.0,1680126.0,470669.0,night
384,104,202,2368.0,8173136.0,2167790.0,day
385,104,202,2192.0,7558214.0,2014188.0,evening
386,104,202,664.0,2326744.0,614558.0,morning
387,104,202,315.0,1099076.0,292596.0,night
388,104,203,1100.0,4899612.0,1323027.0,day
389,104,203,1156.0,5054204.0,1365643.0,evening
390,104,203,261.0,1217659.0,329950.0,morning
391,104,203,127.0,557284.0,150899.0,night
392,104,204,236.0,1321940.0,362450.0,day
393,104,204,227.0,1297789.0,354887.0,evening
394,104,204,214.0,1163957.0,318143.0,morning
395,104,204,27.0,159613.0,43684.0,night
396,104,301,5044.0,13004096.0,3816664.0,day
397,104,301,4611.0,11552366.0,3424501.0,evening
398,104,301,3322.0,8574853.0,2517840.0,morning
399,104,301,630.0,1565223.0,465121.0,night
400,104,302,5645.0,10951094.0,3433318.0,day
401,104,302,5960.0,11691534.0,3674065.0,evening
402,104,302,2083.0,3982406.0,1260722.0,morning
403,104,302,882.0,1694247.0,537101.0,night
404,104,303,3026.0,6869371.0,2169106.0,day
405,104,303,2703.0,6340526.0,2007052.0,evening
406,104,303,3496.0,7714432.0,2445340.0,morning
407,104,303,473.0,1142678.0,361743.0,night
408,104,304,2215.0,4594718.0,1505455.0,day
409,104,304,1736.0,3641712.0,1191124.0,evening
410,104,304,1828.0,3993316.0,1304936.0,morning
411,104,304,271.0,570569.0,189443.0,night
412,104,305,1154.0,4683655.0,1390234.0,day
413,104,305,989.0,4084989.0,1208313.0,evening
414,104,305,680.0,2736277.0,820948.0,morning
415,104,305,163.0,672335.0,199752.0,night
416,104,401,142.0,750293.0,223825.0,day
417,104,401,138.0,728864.0,217802.0,evening
418,104,401,8.0,45346.0,13681.0,morning
419,104,401,13.0,73748.0,21197.0,night
420,104,402,34.0,222572.0,64189.0,day
421,104,402,32.0,209987.0,60803.0,evening
422,104,402,4.0,26190.0,7685.0,morning
423,104,402,5.0,36545.0,10067.0,night
424,104,404,122.0,754516.0,221930.0,day
425,104,404,124.0,780334.0,229171.0,evening
426,104,404,4.0,24915.0,7282.0,morning
427,104,404,14.0,84779.0,25217.0,night
428,104,501,43.0,298010.0,83837.0,day
429,104,501,35.0,247531.0,69751.0,evening
430,104,501,23.0,171539.0,48366.0,morning
431,104,501,10.0,70180.0,21022.0,night
432,104,601,124.0,651142.0,181115.0,day
433,104,601,104.0,554255.0,154364.0,evening
434,104,601,30.0,155385.0,43015.0,morning
435,104,601,14.0,73065.0,20526.0,night
436,104,602,95.0,659093.0,182433.0,day
437,104,602,79.0,549717.0,152307.0,evening
438,104,602,41.0,306041.0,85470.0,morning
439,104,602,8.0,60322.0,16649.0,night
440,104,603,1.0,8706.0,2458.0,day
441,104,603,1.0,10276.0,2934.0,evening
442,104,701,5.0,61970.0,16290.0,day
443,104,701,1.0,11058.0,2920.0,evening
444,104,701,1.0,12336.0,3259.0,morning
445,104,702,1.0,11079.0,3032.0,evening
446,105,000,2359.0,11158363.0,3026906.0,day
447,105,000,1603.0,7667295.0,2085289.0,evening
448,105,000,2098.0,9805083.0,2654291.0,morning
449,105,000,409.0,2074958.0,561285.0,night
450,105,101,2694.0,11314207.0,3098463.0,day
451,105,101,1124.0,4831182.0,1322294.0,evening
452,105,101,3717.0,15554156.0,4265836.0,morning
453,105,101,319.0,1353267.0,368338.0,night
454,105,102,2265.0,9664988.0,2609146.0,day
455,105,102,1538.0,6426099.0,1739247.0,evening
456,105,102,2441.0,10427260.0,2839989.0,morning
457,105,102,183.0,733795.0,200825.0,night
458,105,103,12473.0,35267032.0,9749460.0,day
459,105,103,8069.0,22647112.0,6172205.0,evening
460,105,103,11977.0,32140443.0,8872020.0,morning
461,105,103,1011.0,3052015.0,852424.0,night
462,105,104,836.0,4036819.0,1071153.0,day
463,105,104,584.0,2766794.0,735179.0,evening
464,105,104,615.0,2923611.0,775803.0,morning
465,105,104,56.0,267426.0,70755.0,night
466,105,105,30098.0,28682592.0,8044603.0,day
467,105,105,22098.0,21740028.0,6204510.0,evening
468,105,105,20345.0,18374215.0,4962834.0,morning
469,105,105,1451.0,1590615.0,456485.0,night
470,105,201,409.0,2340156.0,629572.0,day
471,105,201,344.0,1990816.0,536511.0,evening
472,105,201,520.0,2930267.0,791167.0,morning
473,105,201,32.0,192726.0,51847.0,night
474,105,202,742.0,3411507.0,939174.0,day
475,105,202,560.0,2534559.0,694721.0,evening
476,105,202,291.0,1445964.0,397624.0,morning
477,105,202,68.0,314611.0,86921.0,night
478,105,203,23.0,181665.0,48785.0,day
479,105,203,11.0,97476.0,26216.0,evening
480,105,203,2.0,16359.0,4402.0,morning
481,105,203,4.0,30322.0,8273.0,night
482,105,204,5.0,53678.0,14183.0,day
483,105,204,7.0,59264.0,16187.0,evening
484,105,204,4.0,35968.0,9709.0,morning
485,105,301,430.0,2489747.0,696045.0,day
486,105,301,340.0,1934088.0,542471.0,evening
487,105,301,416.0,2381113.0,665230.0,morning
488,105,301,66.0,375821.0,106250.0,night
489,105,302,193.0,1151999.0,324588.0,day
490,105,302,212.0,1267619.0,356014.0,evening
491,105,302,103.0,618538.0,173462.0,morning
492,105,302,17.0,97120.0,27666.0,night
493,105,303,102.0,687937.0,193492.0,day
494,105,303,62.0,426980.0,120591.0,evening
495,105,303,138.0,907155.0,255306.0,morning
496,105,303,12.0,83861.0,23653.0,night
497,105,304,28.0,196543.0,55435.0,day
498,105,304,22.0,150501.0,42316.0,evening
499,105,304,48.0,336655.0,95154.0,morning
500,105,304,6.0,44729.0,12437.0,night
501,105,305,15.0,122764.0,34340.0,day
502,105,305,11.0,94713.0,26438.0,evening
503,105,305,10.0,88884.0,24798.0,morning
504,105,305,3.0,26988.0,7423.0,night
505,105,401,3.0,30843.0,8376.0,day
506,105,404,5.0,54087.0,14931.0,day
507,105,404,2.0,22400.0,6372.0,evening
508,105,501,1.0,10875.0,3145.0,day
509,105,501,1.0,14087.0,3883.0,morning
510,105,601,1.0,8543.0,2365.0,day
511,105,601,2.0,16944.0,4605.0,evening
512,105,601,3.0,26156.0,7344.0,morning
513,105,602,1.0,12517.0,3456.0,day
514,105,602,1.0,12311.0,3427.0,evening
515,105,602,2.0,21576.0,5863.0,morning
516,105,701,1.0,15647.0,4162.0,evening
517,105,702,1.0,16803.0,4618.0,evening
518,201,000,2179.0,12191947.0,3123650.0,day
519,201,000,1169.0,6525024.0,1675913.0,evening
520,201,000,2171.0,12665957.0,3231555.0,morning
521,201,000,183.0,1041453.0,267836.0,night
522,201,101,5955.0,22493239.0,5609599.0,day
523,201,101,1946.0,7563929.0,1883570.0,evening
524,201,101,4880.0,18692907.0,4647965.0,morning
525,201,101,215.0,840394.0,205512.0,night
526,201,102,1153.0,5509313.0,1445834.0,day
527,201,102,792.0,3756818.0,991734.0,evening
528,201,102,1080.0,5020304.0,1300375.0,morning
529,201,102,68.0,319930.0,83980.0,night
530,201,103,9121.0,30933987.0,8381528.0,day
531,201,103,5062.0,17284474.0,4685393.0,evening
532,201,103,7168.0,25731179.0,6910761.0,morning
533,201,103,545.0,1974737.0,518316.0,night
534,201,104,8550.0,15352487.0,4177264.0,day
535,201,104,5389.0,9361631.0,2529512.0,evening
536,201,104,3992.0,7265566.0,1962180.0,morning
537,201,104,364.0,628554.0,166336.0,night
538,201,105,590.0,3386624.0,904243.0,day
539,201,105,372.0,2147599.0,569993.0,evening
540,201,105,321.0,1781601.0,462924.0,morning
541,201,105,21.0,126485.0,33224.0,night
542,201,201,16333.0,17552687.0,5070488.0,day
543,201,201,13576.0,13545562.0,3926769.0,evening
544,201,201,10106.0,12699689.0,3809330.0,morning
545,201,201,2266.0,2236328.0,628453.0,night
546,201,202,7472.0,13881096.0,3677527.0,day
547,201,202,5487.0,10099710.0,2714914.0,evening
548,201,202,2844.0,4552597.0,1215020.0,morning
549,201,202,808.0,1665903.0,442364.0,night
550,201,203,3983.0,10002669.0,2788478.0,day
551,201,203,3246.0,8164524.0,2262411.0,evening
552,201,203,1160.0,2616255.0,738431.0,morning
553,201,203,559.0,1243567.0,344741.0,night
554,201,204,1464.0,5012900.0,1402858.0,day
555,201,204,1132.0,4020965.0,1123629.0,evening
556,201,204,1018.0,2913354.0,831306.0,morning
557,201,204,199.0,725442.0,201390.0,night
558,201,301,1841.0,7585075.0,2106794.0,day
559,201,301,1217.0,4952428.0,1381832.0,evening
560,201,301,1562.0,6575205.0,1816431.0,morning
561,201,301,125.0,520449.0,145081.0,night
562,201,302,2227.0,7262247.0,2114039.0,day
563,201,302,1876.0,6083501.0,1764610.0,evening
564,201,302,1076.0,3464353.0,996859.0,morning
565,201,302,193.0,640395.0,184663.0,night
566,201,303,2160.0,6922829.0,2079884.0,day
567,201,303,1440.0,4740757.0,1410220.0,evening
568,201,303,2134.0,6725072.0,1999964.0,morning
569,201,303,165.0,547765.0,162292.0,night
570,201,304,3221.0,7584670.0,2426195.0,day
571,201,304,1372.0,3022086.0,971557.0,evening
572,201,304,3202.0,6944022.0,2246989.0,morning
573,201,304,232.0,508203.0,161244.0,night
574,201,305,1239.0,5415911.0,1611661.0,day
575,201,305,739.0,3319676.0,983557.0,evening
576,201,305,680.0,2976159.0,901445.0,morning
577,201,305,86.0,369653.0,110332.0,night
578,201,401,199.0,911638.0,262589.0,day
579,201,401,98.0,440733.0,126710.0,evening
580,201,401,53.0,244599.0,71895.0,morning
581,201,401,19.0,84284.0,24271.0,night
582,201,402,67.0,379717.0,103011.0,day
583,201,402,37.0,191827.0,52091.0,evening
584,201,402,45.0,256270.0,69353.0,morning
585,201,402,23.0,124518.0,33709.0,night
586,201,404,96.0,586581.0,172268.0,day
587,201,404,96.0,612788.0,178322.0,evening
588,201,404,24.0,151719.0,44397.0,morning
589,201,404,12.0,68586.0,20785.0,night
590,201,501,45.0,330737.0,94232.0,day
591,201,501,35.0,255568.0,73192.0,evening
592,201,501,18.0,148097.0,41360.0,morning
593,201,501,1.0,5930.0,1746.0,night
594,201,601,59.0,388717.0,105798.0,day
595,201,601,34.0,225207.0,60680.0,evening
596,201,601,19.0,125256.0,34435.0,morning
597,201,601,2.0,14267.0,3798.0,night
598,201,602,28.0,240816.0,65946.0,day
599,201,602,10.0,88142.0,23985.0,evening
600,201,602,17.0,144959.0,39578.0,morning
601,201,602,3.0,27846.0,7854.0,night
602,201,603,2.0,22001.0,6089.0,day
603,201,603,3.0,34086.0,9550.0,evening
604,201,701,1.0,11735.0,3029.0,day
605,201,701,1.0,12355.0,3478.0,evening
606,201,701,1.0,12872.0,3432.0,morning
607,202,000,4040.0,14161126.0,3702609.0,day
608,202,000,2701.0,9643545.0,2522168.0,evening
609,202,000,3482.0,12378630.0,3223771.0,morning
610,202,000,429.0,1685962.0,444084.0,night
611,202,101,767.0,4081762.0,1079526.0,day
612,202,101,302.0,1656758.0,437909.0,evening
613,202,101,778.0,4275930.0,1129299.0,morning
614,202,101,63.0,372414.0,97132.0,night
615,202,102,244.0,1563282.0,421712.0,day
616,202,102,184.0,1175503.0,317864.0,evening
617,202,102,349.0,2166041.0,575501.0,morning
618,202,102,21.0,131069.0,35361.0,night
619,202,103,2393.0,11659726.0,3184273.0,day
620,202,103,1363.0,6783765.0,1854851.0,evening
621,202,103,1729.0,9021788.0,2443036.0,morning
622,202,103,104.0,524745.0,143920.0,night
623,202,104,2369.0,8146859.0,2251683.0,day
624,202,104,1246.0,4213124.0,1160059.0,evening
625,202,104,1303.0,4542766.0,1255839.0,morning
626,202,104,77.0,263104.0,72824.0,night
627,202,105,857.0,3835061.0,1095607.0,day
628,202,105,650.0,3077519.0,872291.0,evening
629,202,105,215.0,1001696.0,284068.0,morning
630,202,105,61.0,308085.0,86237.0,night
631,202,201,5672.0,9653829.0,2690501.0,day
632,202,201,4010.0,7201417.0,2002225.0,evening
633,202,201,4236.0,7542894.0,2153733.0,morning
634,202,201,445.0,827035.0,233898.0,night
635,202,202,11867.0,14739416.0,4055448.0,day
636,202,202,11671.0,13887376.0,3875996.0,evening
637,202,202,4647.0,5686494.0,1536784.0,morning
638,202,202,1733.0,2300521.0,639244.0,night
639,202,203,2177.0,4681713.0,1358464.0,day
640,202,203,2014.0,4293314.0,1243701.0,evening
641,202,203,1389.0,2894159.0,832524.0,morning
642,202,203,377.0,786559.0,226989.0,night
643,202,204,1589.0,3873340.0,1104260.0,day
644,202,204,1440.0,3498000.0,997219.0,evening
645,202,204,1623.0,3428908.0,991530.0,morning
646,202,204,309.0,839006.0,237631.0,night
647,202,301,235.0,1321761.0,375327.0,day
648,202,301,179.0,1001179.0,285088.0,evening
649,202,301,330.0,1876913.0,531474.0,morning
650,202,301,23.0,131782.0,37634.0,night
651,202,302,471.0,2321311.0,674226.0,day
652,202,302,301.0,1464170.0,427566.0,evening
653,202,302,201.0,1000307.0,290737.0,morning
654,202,302,33.0,165732.0,48179.0,night
655,202,303,347.0,1720859.0,507950.0,day
656,202,303,238.0,1256548.0,367940.0,evening
657,202,303,564.0,2848740.0,837818.0,morning
658,202,303,19.0,104246.0,30549.0,night
659,202,304,442.0,1706591.0,520902.0,day
660,202,304,287.0,1129293.0,343241.0,evening
661,202,304,740.0,2873713.0,882220.0,morning
662,202,304,49.0,191310.0,57646.0,night
663,202,305,131.0,706858.0,212041.0,day
664,202,305,140.0,778312.0,231448.0,evening
665,202,305,172.0,941242.0,285616.0,morning
666,202,305,14.0,85929.0,25135.0,night
667,202,401,39.0,204759.0,59344.0,day
668,202,401,19.0,101816.0,29208.0,evening
669,202,401,9.0,45111.0,13029.0,morning
670,202,401,3.0,16229.0,4652.0,night
671,202,402,20.0,129085.0,35081.0,day
672,202,402,13.0,78469.0,21526.0,evening
673,202,402,6.0,34885.0,9721.0,morning
674,202,404,33.0,237852.0,70821.0,day
675,202,404,13.0,86738.0,26066.0,evening
676,202,404,17.0,114882.0,34663.0,morning
677,202,404,6.0,39043.0,11899.0,night
678,202,501,12.0,102702.0,29157.0,day
679,202,501,2.0,17382.0,4910.0,evening
680,202,501,4.0,37913.0,10654.0,morning
681,202,601,6.0,52090.0,14517.0,day
682,202,601,4.0,32903.0,9226.0,evening
683,202,601,1.0,7850.0,2170.0,night
684,202,602,8.0,90824.0,24846.0,day
685,202,602,3.0,30584.0,8388.0,evening
686,202,602,1.0,9733.0,2672.0,morning
687,202,602,1.0,11412.0,3296.0,night
688,202,603,1.0,13421.0,3692.0,day
689,202,701,1.0,13091.0,3679.0,day
690,202,701,1.0,13091.0,3679.0,evening
691,203,000,838.0,4161992.0,1071962.0,day
692,203,000,645.0,3238770.0,839560.0,evening
693,203,000,686.0,4176000.0,1060083.0,morning
694,203,000,83.0,416406.0,110057.0,night
695,203,101,651.0,4027620.0,1028659.0,day
696,203,101,213.0,1354279.0,347161.0,evening
697,203,101,430.0,2746475.0,702238.0,morning
698,203,101,16.0,100220.0,25567.0,night
699,203,102,58.0,422993.0,111143.0,day
700,203,102,56.0,424548.0,114409.0,evening
701,203,102,91.0,662696.0,171344.0,morning
702,203,102,13.0,96978.0,25190.0,night
703,203,103,695.0,4065029.0,1079091.0,day
704,203,103,376.0,2183515.0,584287.0,evening
705,203,103,788.0,4772990.0,1269740.0,morning
706,203,103,41.0,254034.0,67822.0,night
707,203,104,1187.0,5396825.0,1442350.0,day
708,203,104,705.0,3141524.0,838397.0,evening
709,203,104,762.0,3365713.0,900005.0,morning
710,203,104,77.0,350669.0,93146.0,night
711,203,105,33.0,255099.0,68601.0,day
712,203,105,34.0,263073.0,69685.0,evening
713,203,105,13.0,109418.0,29009.0,morning
714,203,105,2.0,18176.0,4709.0,night
715,203,201,2798.0,6796220.0,1821889.0,day
716,203,201,2070.0,4713012.0,1266465.0,evening
717,203,201,2874.0,7112415.0,1934142.0,morning
718,203,201,188.0,418869.0,114786.0,night
719,203,202,2726.0,5795318.0,1514437.0,day
720,203,202,2048.0,4192450.0,1096964.0,evening
721,203,202,1253.0,2811263.0,728270.0,morning
722,203,202,319.0,637908.0,167112.0,night
723,203,203,7935.0,8620655.0,2583155.0,day
724,203,203,6546.0,7140620.0,2144632.0,evening
725,203,203,4499.0,4733187.0,1435133.0,morning
726,203,203,963.0,1181798.0,352292.0,night
727,203,204,1957.0,3874909.0,1125685.0,day
728,203,204,1562.0,3154965.0,914823.0,evening
729,203,204,2283.0,4023037.0,1165471.0,morning
730,203,204,222.0,439324.0,127238.0,night
731,203,301,217.0,1399787.0,386227.0,day
732,203,301,154.0,968540.0,266849.0,evening
733,203,301,350.0,2227882.0,615098.0,morning
734,203,301,11.0,69627.0,19144.0,night
735,203,302,296.0,1578587.0,440350.0,day
736,203,302,262.0,1422800.0,397671.0,evening
737,203,302,184.0,985374.0,273616.0,morning
738,203,302,35.0,189618.0,53671.0,night
739,203,303,391.0,1956058.0,564062.0,day
740,203,303,345.0,1726941.0,500793.0,evening
741,203,303,383.0,1949582.0,559163.0,morning
742,203,303,40.0,209745.0,59713.0,night
743,203,304,654.0,2318153.0,699569.0,day
744,203,304,394.0,1393082.0,412772.0,evening
745,203,304,996.0,3346830.0,1008823.0,morning
746,203,304,63.0,223892.0,67873.0,night
747,203,305,528.0,2371652.0,698987.0,day
748,203,305,322.0,1470158.0,434176.0,evening
749,203,305,221.0,971678.0,290977.0,morning
750,203,305,88.0,426623.0,125018.0,night
751,203,401,317.0,891570.0,252560.0,day
752,203,401,274.0,746828.0,212626.0,evening
753,203,401,120.0,346242.0,99716.0,morning
754,203,401,51.0,150766.0,43580.0,night
755,203,402,162.0,519219.0,142588.0,day
756,203,402,99.0,313066.0,86804.0,evening
757,203,402,40.0,111605.0,29949.0,morning
758,203,402,26.0,87993.0,24064.0,night
759,203,404,240.0,1187357.0,347700.0,day
760,203,404,151.0,695130.0,209019.0,evening
761,203,404,76.0,384021.0,111331.0,morning
762,203,404,34.0,159429.0,48197.0,night
763,203,501,35.0,280971.0,80719.0,day
764,203,501,54.0,409315.0,116563.0,evening
765,203,501,16.0,124467.0,35713.0,morning
766,203,501,2.0,18421.0,5175.0,night
767,203,601,15.0,128475.0,34846.0,day
768,203,601,4.0,34144.0,9231.0,evening
769,203,601,20.0,165654.0,45401.0,morning
770,203,601,1.0,7932.0,2211.0,night
771,203,602,3.0,35738.0,9573.0,day
772,203,602,1.0,11650.0,3262.0,evening
773,203,603,1.0,13393.0,3744.0,morning
774,203,701,1.0,12176.0,3458.0,day
775,203,702,1.0,13445.0,3872.0,evening
776,203,702,1.0,12049.0,3366.0,night
777,204,000,2250.0,7695028.0,1968434.0,day
778,204,000,1137.0,3487011.0,897589.0,evening
779,204,000,766.0,2735238.0,688441.0,morning
780,204,000,181.0,544226.0,142487.0,night
781,204,101,130.0,975387.0,250389.0,day
782,204,101,24.0,178050.0,46390.0,evening
783,204,101,57.0,433837.0,111185.0,morning
784,204,101,3.0,21764.0,5732.0,night
785,204,102,14.0,117128.0,30815.0,day
786,204,102,11.0,101621.0,27049.0,evening
787,204,102,11.0,100824.0,25696.0,morning
788,204,102,1.0,9673.0,2475.0,night
789,204,103,254.0,1671394.0,437004.0,day
790,204,103,84.0,579471.0,153472.0,evening
791,204,103,129.0,873511.0,226184.0,morning
792,204,103,3.0,24758.0,6323.0,night
793,204,104,569.0,3101783.0,824902.0,day
794,204,104,141.0,800242.0,210483.0,evening
795,204,104,211.0,1194655.0,314212.0,morning
796,204,104,14.0,84120.0,22424.0,night
797,204,105,39.0,328113.0,86965.0,day
798,204,105,5.0,48241.0,12633.0,evening
799,204,105,2.0,15986.0,4138.0,morning
800,204,105,1.0,9710.0,2534.0,night
801,204,201,1684.0,5407596.0,1424343.0,day
802,204,201,891.0,3038232.0,789405.0,evening
803,204,201,758.0,2832413.0,729563.0,morning
804,204,201,52.0,188259.0,48349.0,night
805,204,202,2383.0,5817032.0,1470440.0,day
806,204,202,1454.0,3462617.0,872145.0,evening
807,204,202,601.0,1548158.0,388180.0,morning
808,204,202,188.0,447790.0,112795.0,night
809,204,203,2736.0,4999904.0,1449023.0,day
810,204,203,1472.0,2868825.0,823769.0,evening
811,204,203,893.0,1786369.0,516406.0,morning
812,204,203,173.0,359163.0,101039.0,night
813,204,204,3193.0,3244722.0,916522.0,day
814,204,204,2132.0,2082853.0,593978.0,evening
815,204,204,2027.0,2105104.0,570575.0,morning
816,204,204,203.0,184561.0,52191.0,night
817,204,301,91.0,676443.0,185256.0,day
818,204,301,25.0,193566.0,52587.0,evening
819,204,301,23.0,181217.0,48972.0,morning
820,204,302,113.0,712359.0,198852.0,day
821,204,302,100.0,666382.0,184150.0,evening
822,204,302,14.0,93273.0,25457.0,morning
823,204,303,261.0,1635731.0,459788.0,day
824,204,303,111.0,729990.0,203956.0,evening
825,204,303,140.0,925713.0,257604.0,morning
826,204,303,13.0,84911.0,23685.0,night
827,204,304,430.0,1876984.0,554448.0,day
828,204,304,136.0,627468.0,179772.0,evening
829,204,304,256.0,1197408.0,347114.0,morning
830,204,304,10.0,51442.0,14537.0,night
831,204,305,222.0,1317074.0,384274.0,day
832,204,305,84.0,501858.0,145826.0,evening
833,204,305,98.0,665309.0,194461.0,morning
834,204,305,6.0,32539.0,9578.0,night
835,204,401,146.0,652276.0,181118.0,day
836,204,401,54.0,240174.0,66093.0,evening
837,204,401,6.0,28457.0,7873.0,morning
838,204,401,13.0,59883.0,16416.0,night
839,204,402,25.0,129097.0,34896.0,day
840,204,402,5.0,25302.0,7045.0,evening
841,204,402,4.0,21163.0,5796.0,morning
842,204,402,2.0,11070.0,2984.0,night
843,204,404,180.0,1113363.0,333471.0,day
844,204,404,49.0,299079.0,85918.0,evening
845,204,404,11.0,66717.0,19293.0,morning
846,204,404,5.0,32150.0,9298.0,night
847,204,501,6.0,55612.0,15639.0,day
848,204,501,3.0,28277.0,8124.0,evening
849,204,501,1.0,10600.0,2916.0,morning
850,204,501,2.0,22328.0,6098.0,night
851,204,602,2.0,22758.0,6136.0,evening
852,204,701,20.0,301360.0,82603.0,day
853,204,701,1.0,15141.0,4175.0,evening
854,204,701,1.0,15036.0,4108.0,morning
855,301,000,42.0,421740.0,112051.0,day
856,301,000,27.0,270130.0,72078.0,evening
857,301,000,63.0,559378.0,145808.0,morning
858,301,000,21.0,219902.0,58174.0,night
859,301,101,30538.0,56189527.0,15598873.0,day
860,301,101,14360.0,26841053.0,7269581.0,evening
861,301,101,21183.0,39004977.0,10910871.0,morning
862,301,101,2848.0,5448654.0,1487018.0,night
863,301,102,7884.0,23602411.0,6561914.0,day
864,301,102,5113.0,16218965.0,4537459.0,evening
865,301,102,7119.0,19752872.0,5509027.0,morning
866,301,102,1390.0,4406248.0,1260870.0,night
867,301,103,9574.0,29216283.0,8572884.0,day
868,301,103,7464.0,23314755.0,6823204.0,evening
869,301,103,8667.0,25957613.0,7661999.0,morning
870,301,103,2311.0,7189988.0,2126164.0,night
871,301,104,5874.0,14687469.0,4376187.0,day
872,301,104,4431.0,11053903.0,3262252.0,evening
873,301,104,2987.0,7350433.0,2207655.0,morning
874,301,104,1360.0,3438047.0,1004836.0,night
875,301,105,446.0,2597533.0,720959.0,day
876,301,105,391.0,2293382.0,629741.0,evening
877,301,105,331.0,2002721.0,546245.0,morning
878,301,105,212.0,1233386.0,339174.0,night
879,301,201,1787.0,7355200.0,2110098.0,day
880,301,201,1406.0,5790412.0,1648907.0,evening
881,301,201,1670.0,6514147.0,1901353.0,morning
882,301,201,514.0,2150396.0,611351.0,night
883,301,202,372.0,2084229.0,572519.0,day
884,301,202,360.0,1999797.0,550306.0,evening
885,301,202,113.0,662778.0,179889.0,morning
886,301,202,137.0,787461.0,215364.0,night
887,301,203,334.0,2124486.0,598103.0,day
888,301,203,306.0,1895424.0,533751.0,evening
889,301,203,79.0,499918.0,139848.0,morning
890,301,203,76.0,487900.0,137265.0,night
891,301,204,31.0,239784.0,66472.0,day
892,301,204,44.0,340553.0,94223.0,evening
893,301,204,89.0,633254.0,177323.0,morning
894,301,204,8.0,65266.0,17909.0,night
895,301,301,32326.0,35348697.0,9462411.0,day
896,301,301,26020.0,28643221.0,7715181.0,evening
897,301,301,15747.0,17168933.0,4561504.0,morning
898,301,301,3769.0,4006871.0,1087927.0,night
899,301,302,4857.0,6691281.0,2261090.0,day
900,301,302,5255.0,7175718.0,2420652.0,evening
901,301,302,1401.0,2076021.0,695484.0,morning
902,301,302,1123.0,1409629.0,477153.0,night
903,301,303,10502.0,18652116.0,5631414.0,day
904,301,303,9473.0,16709636.0,5112275.0,evening
905,301,303,4566.0,8380073.0,2514756.0,morning
906,301,303,1607.0,2899222.0,898375.0,night
907,301,304,2109.0,6426886.0,2000574.0,day
908,301,304,1270.0,3882768.0,1207451.0,evening
909,301,304,1780.0,5721209.0,1810592.0,morning
910,301,304,327.0,1032142.0,326007.0,night
911,301,305,8578.0,25789934.0,6785115.0,day
912,301,305,6752.0,20941713.0,5544424.0,evening
913,301,305,2521.0,7604938.0,2010045.0,morning
914,301,305,1094.0,3689536.0,1000664.0,night
915,301,401,48.0,309815.0,90913.0,day
916,301,401,36.0,236998.0,69271.0,evening
917,301,401,9.0,60559.0,17660.0,morning
918,301,401,10.0,65852.0,19364.0,night
919,301,402,10.0,77455.0,22627.0,day
920,301,402,8.0,61728.0,18011.0,evening
921,301,402,2.0,16169.0,4762.0,night
922,301,404,259.0,1518715.0,429642.0,day
923,301,404,238.0,1425720.0,407909.0,evening
924,301,404,38.0,240814.0,68146.0,morning
925,301,404,44.0,261158.0,74261.0,night
926,301,501,674.0,3862371.0,1010256.0,day
927,301,501,512.0,2939753.0,775446.0,evening
928,301,501,175.0,1079871.0,282893.0,morning
929,301,501,85.0,517075.0,137223.0,night
930,301,601,2852.0,6098193.0,1751667.0,day
931,301,601,2180.0,4811973.0,1382744.0,evening
932,301,601,630.0,1463422.0,413309.0,morning
933,301,601,441.0,1154256.0,323674.0,night
934,301,602,2220.0,9905448.0,2675653.0,day
935,301,602,1829.0,8255412.0,2228164.0,evening
936,301,602,567.0,2667107.0,715998.0,morning
937,301,602,511.0,2425512.0,655299.0,night
938,301,603,170.0,1112905.0,308705.0,day
939,301,603,113.0,742815.0,206978.0,evening
940,301,603,47.0,298516.0,82971.0,morning
941,301,603,54.0,385832.0,107315.0,night
942,301,701,102.0,795128.0,205605.0,day
943,301,701,55.0,426058.0,110439.0,evening
944,301,701,85.0,606000.0,157046.0,morning
945,301,701,25.0,214065.0,55409.0,night
946,301,702,24.0,209141.0,56679.0,day
947,301,702,8.0,72271.0,19551.0,evening
948,301,702,3.0,26719.0,7219.0,morning
949,301,702,13.0,113601.0,30598.0,night
950,302,000,39.0,315344.0,80444.0,day
951,302,000,52.0,452671.0,115298.0,evening
952,302,000,33.0,273267.0,69697.0,morning
953,302,000,10.0,91366.0,23349.0,night
954,302,101,5750.0,14671600.0,3988238.0,day
955,302,101,3021.0,7617205.0,2061469.0,evening
956,302,101,3123.0,8125035.0,2206257.0,morning
957,302,101,551.0,1434107.0,380113.0,night
958,302,102,1133.0,4108953.0,1144620.0,day
959,302,102,1111.0,4111032.0,1146534.0,evening
960,302,102,948.0,3331497.0,932870.0,morning
961,302,102,199.0,739449.0,205428.0,night
962,302,103,5859.0,17628169.0,4735521.0,day
963,302,103,5031.0,15229859.0,4109470.0,evening
964,302,103,3743.0,11769009.0,3175588.0,morning
965,302,103,1131.0,3499291.0,941658.0,night
966,302,104,6713.0,12412941.0,3320318.0,day
967,302,104,6096.0,11578735.0,3052061.0,evening
968,302,104,3036.0,5532697.0,1494641.0,morning
969,302,104,1472.0,2861668.0,746330.0,night
970,302,105,194.0,1185764.0,310690.0,day
971,302,105,227.0,1338377.0,350287.0,evening
972,302,105,57.0,350861.0,92737.0,morning
973,302,105,87.0,533520.0,138306.0,night
974,302,201,1963.0,6489395.0,1737412.0,day
975,302,201,1750.0,5684427.0,1520446.0,evening
976,302,201,1305.0,3846759.0,1052692.0,morning
977,302,201,516.0,1765974.0,469986.0,night
978,302,202,440.0,2123377.0,548875.0,day
979,302,202,453.0,2176366.0,564821.0,evening
980,302,202,149.0,727327.0,187315.0,morning
981,302,202,103.0,504414.0,130458.0,night
982,302,203,293.0,1581899.0,425225.0,day
983,302,203,323.0,1758812.0,472241.0,evening
984,302,203,74.0,396072.0,107078.0,morning
985,302,203,96.0,549920.0,148544.0,night
986,302,204,61.0,410342.0,110161.0,day
987,302,204,62.0,413923.0,111623.0,evening
988,302,204,58.0,351655.0,95658.0,morning
989,302,204,17.0,117788.0,31614.0,night
990,302,301,6166.0,8859262.0,2345318.0,day
991,302,301,5939.0,8586303.0,2268435.0,evening
992,302,301,2951.0,4380642.0,1152153.0,morning
993,302,301,839.0,1151532.0,304059.0,night
994,302,302,6608.0,4931669.0,1474771.0,day
995,302,302,7642.0,5625292.0,1687320.0,evening
996,302,302,2637.0,2055713.0,612409.0,morning
997,302,302,1253.0,902362.0,273307.0,night
998,302,303,6763.0,7532540.0,2237406.0,day
999,302,303,8317.0,9282462.0,2765664.0,evening
1000,302,303,4083.0,4561690.0,1294414.0,morning
1001,302,303,1452.0,1636778.0,480265.0,night
1002,302,304,1940.0,3834012.0,1171360.0,day
1003,302,304,1855.0,3626370.0,1105303.0,evening
1004,302,304,1672.0,3372238.0,1040791.0,morning
1005,302,304,311.0,668297.0,201895.0,night
1006,302,305,3022.0,8471883.0,2328383.0,day
1007,302,305,3239.0,9041890.0,2484074.0,evening
1008,302,305,901.0,2469000.0,683298.0,morning
1009,302,305,679.0,1891896.0,520862.0,night
1010,302,401,45.0,256753.0,72711.0,day
1011,302,401,55.0,322671.0,91722.0,evening
1012,302,401,13.0,72471.0,20569.0,morning
1013,302,401,7.0,39969.0,11259.0,night
1014,302,402,11.0,74855.0,21379.0,day
1015,302,402,9.0,60789.0,17363.0,evening
1016,302,402,9.0,61041.0,17370.0,night
1017,302,404,123.0,691306.0,190024.0,day
1018,302,404,138.0,754511.0,206684.0,evening
1019,302,404,58.0,328579.0,93673.0,morning
1020,302,404,24.0,124855.0,34370.0,night
1021,302,501,198.0,1140623.0,315609.0,day
1022,302,501,179.0,1044103.0,288034.0,evening
1023,302,501,44.0,265253.0,72126.0,morning
1024,302,501,30.0,186880.0,51313.0,night
1025,302,601,304.0,988367.0,265230.0,day
1026,302,601,285.0,928208.0,248171.0,evening
1027,302,601,51.0,166153.0,44227.0,morning
1028,302,601,65.0,211268.0,55908.0,night
1029,302,602,257.0,1355014.0,359838.0,day
1030,302,602,269.0,1457764.0,388756.0,evening
1031,302,602,73.0,389368.0,103741.0,morning
1032,302,602,92.0,469179.0,125227.0,night
1033,302,603,8.0,59633.0,16234.0,day
1034,302,603,16.0,120416.0,32982.0,evening
1035,302,603,2.0,16432.0,4621.0,morning
1036,302,603,5.0,37076.0,10380.0,night
1037,302,701,17.0,139208.0,35932.0,day
1038,302,701,14.0,117630.0,30207.0,evening
1039,302,701,6.0,48423.0,12548.0,morning
1040,302,701,6.0,48273.0,12517.0,night
1041,302,702,2.0,19418.0,5156.0,day
1042,302,702,2.0,19146.0,5047.0,evening
1043,303,000,128.0,1110373.0,284096.0,day
1044,303,000,103.0,947303.0,246358.0,evening
1045,303,000,108.0,886500.0,225583.0,morning
1046,303,000,24.0,215011.0,56388.0,night
1047,303,101,5909.0,19457030.0,5208638.0,day
1048,303,101,2122.0,7048437.0,1867696.0,evening
1049,303,101,5272.0,17417445.0,4663444.0,morning
1050,303,101,389.0,1271143.0,336252.0,night
1051,303,102,1331.0,5653395.0,1546714.0,day
1052,303,102,698.0,3112006.0,857289.0,evening
1053,303,102,1671.0,6730832.0,1844475.0,morning
1054,303,102,110.0,503019.0,137838.0,night
1055,303,103,4668.0,17352953.0,4751699.0,day
1056,303,103,2488.0,9448998.0,2603665.0,evening
1057,303,103,4315.0,16919749.0,4664369.0,morning
1058,303,103,473.0,1855443.0,511274.0,night
1059,303,104,4247.0,9637894.0,2632350.0,day
1060,303,104,2651.0,6069549.0,1648943.0,evening
1061,303,104,2458.0,5584552.0,1546425.0,morning
1062,303,104,549.0,1337693.0,365064.0,night
1063,303,105,208.0,1372998.0,360218.0,day
1064,303,105,155.0,1010274.0,267813.0,evening
1065,303,105,67.0,501930.0,135389.0,morning
1066,303,105,45.0,291412.0,77427.0,night
1067,303,201,2069.0,6752428.0,1851765.0,day
1068,303,201,1517.0,4911430.0,1348446.0,evening
1069,303,201,2226.0,6951905.0,1959858.0,morning
1070,303,201,377.0,1295508.0,358960.0,night
1071,303,202,547.0,2784296.0,731004.0,day
1072,303,202,312.0,1573800.0,410790.0,evening
1073,303,202,263.0,1300607.0,343797.0,morning
1074,303,202,85.0,452024.0,119318.0,night
1075,303,203,578.0,2932696.0,826678.0,day
1076,303,203,451.0,2201254.0,625347.0,evening
1077,303,203,155.0,774880.0,218394.0,morning
1078,303,203,111.0,560374.0,157922.0,night
1079,303,204,127.0,794654.0,223845.0,day
1080,303,204,75.0,500807.0,140515.0,evening
1081,303,204,247.0,1558395.0,452247.0,morning
1082,303,204,23.0,157645.0,43787.0,night
1083,303,301,12438.0,21629775.0,5547688.0,day
1084,303,301,7915.0,14005753.0,3623513.0,evening
1085,303,301,9208.0,15619798.0,3942887.0,morning
1086,303,301,1022.0,1818060.0,472369.0,night
1087,303,302,8089.0,9114257.0,2705234.0,day
1088,303,302,6660.0,7356563.0,2215071.0,evening
1089,303,302,5325.0,5631905.0,1697217.0,morning
1090,303,302,1017.0,1091616.0,329076.0,night
1091,303,303,10710.0,9387648.0,2698286.0,day
1092,303,303,9791.0,8228338.0,2378882.0,evening
1093,303,303,8468.0,7806656.0,2176144.0,morning
1094,303,303,2070.0,1788947.0,515034.0,night
1095,303,304,6523.0,10417959.0,3323823.0,day
1096,303,304,3278.0,4968509.0,1590821.0,evening
1097,303,304,5910.0,10237069.0,3297084.0,morning
1098,303,304,668.0,1043114.0,338698.0,night
1099,303,305,7187.0,14475941.0,3952291.0,day
1100,303,305,6252.0,12668675.0,3457449.0,evening
1101,303,305,3130.0,6378439.0,1786427.0,morning
1102,303,305,1785.0,3843735.0,1041737.0,night
1103,303,401,113.0,557600.0,164197.0,day
1104,303,401,123.0,600986.0,176686.0,evening
1105,303,401,46.0,232925.0,67272.0,morning
1106,303,401,25.0,122625.0,35551.0,night
1107,303,402,58.0,345411.0,100910.0,day
1108,303,402,20.0,122867.0,35732.0,evening
1109,303,402,4.0,23125.0,7001.0,morning
1110,303,402,8.0,46690.0,13734.0,night
1111,303,404,555.0,2620519.0,725811.0,day
1112,303,404,420.0,1996459.0,552704.0,evening
1113,303,404,92.0,451266.0,125565.0,morning
1114,303,404,95.0,459161.0,126379.0,night
1115,303,501,627.0,2970889.0,810866.0,day
1116,303,501,496.0,2355264.0,645030.0,evening
1117,303,501,352.0,1750100.0,474153.0,morning
1118,303,501,112.0,574938.0,156997.0,night
1119,303,601,562.0,1870665.0,491690.0,day
1120,303,601,424.0,1447494.0,383152.0,evening
1121,303,601,192.0,664618.0,175913.0,morning
1122,303,601,94.0,318065.0,83913.0,night
1123,303,602,632.0,3383030.0,891931.0,day
1124,303,602,333.0,1808675.0,481645.0,evening
1125,303,602,185.0,980028.0,261273.0,morning
1126,303,602,89.0,475212.0,127082.0,night
1127,303,603,42.0,316027.0,86386.0,day
1128,303,603,52.0,397756.0,107378.0,evening
1129,303,603,9.0,67868.0,18471.0,morning
1130,303,603,11.0,82383.0,22648.0,night
1131,303,701,31.0,279524.0,71604.0,day
1132,303,701,21.0,180527.0,46191.0,evening
1133,303,701,15.0,121748.0,31306.0,morning
1134,303,701,7.0,66778.0,17142.0,night
1135,303,702,8.0,76524.0,20564.0,day
1136,303,702,2.0,17494.0,4758.0,evening
1137,303,702,1.0,9547.0,2606.0,morning
1138,303,702,4.0,36812.0,9865.0,night
1139,304,000,302.0,2281640.0,593367.0,day
1140,304,000,159.0,1182868.0,311327.0,evening
1141,304,000,169.0,1268489.0,326828.0,morning
1142,304,000,22.0,162828.0,42990.0,night
1143,304,101,3139.0,12557826.0,3198816.0,day
1144,304,101,821.0,3338668.0,847137.0,evening
1145,304,101,2119.0,8362960.0,2121875.0,morning
1146,304,101,53.0,220508.0,54846.0,night
1147,304,102,482.0,2501090.0,653431.0,day
1148,304,102,236.0,1234119.0,321665.0,evening
1149,304,102,377.0,1935418.0,496342.0,morning
1150,304,102,26.0,144742.0,37372.0,night
1151,304,103,2852.0,11490183.0,3008856.0,day
1152,304,103,1228.0,5134563.0,1356419.0,evening
1153,304,103,1750.0,7382930.0,1930227.0,morning
1154,304,103,78.0,327815.0,87200.0,night
1155,304,104,3569.0,7879165.0,2101533.0,day
1156,304,104,1706.0,3771974.0,990738.0,evening
1157,304,104,1812.0,3817240.0,1034211.0,morning
1158,304,104,141.0,299459.0,77526.0,night
1159,304,105,54.0,370461.0,96905.0,day
1160,304,105,51.0,354679.0,92860.0,evening
1161,304,105,28.0,180160.0,46778.0,morning
1162,304,105,12.0,82874.0,21491.0,night
1163,304,201,3495.0,7692171.0,2166769.0,day
1164,304,201,1939.0,4195156.0,1188678.0,evening
1165,304,201,3598.0,8160609.0,2373318.0,morning
1166,304,201,284.0,577768.0,163602.0,night
1167,304,202,981.0,3711923.0,1012154.0,day
1168,304,202,510.0,1952248.0,531773.0,evening
1169,304,202,290.0,1081771.0,290771.0,morning
1170,304,202,61.0,232337.0,62058.0,night
1171,304,203,1203.0,4123433.0,1153594.0,day
1172,304,203,605.0,2050332.0,570544.0,evening
1173,304,203,307.0,1127296.0,315033.0,morning
1174,304,203,124.0,412414.0,113601.0,night
1175,304,204,308.0,1486347.0,420663.0,day
1176,304,204,191.0,933758.0,259435.0,evening
1177,304,204,187.0,803034.0,220477.0,morning
1178,304,204,68.0,345694.0,95658.0,night
1179,304,301,3218.0,10084666.0,2743493.0,day
1180,304,301,1367.0,4231560.0,1155894.0,evening
1181,304,301,2353.0,7077522.0,1903337.0,morning
1182,304,301,129.0,416885.0,113030.0,night
1183,304,302,3269.0,6702000.0,2019681.0,day
1184,304,302,1957.0,3937102.0,1185818.0,evening
1185,304,302,1744.0,3418019.0,1035157.0,morning
1186,304,302,199.0,412424.0,122677.0,night
1187,304,303,6435.0,10795736.0,3221937.0,day
1188,304,303,3794.0,6397956.0,1911473.0,evening
1189,304,303,7887.0,12648855.0,3664490.0,morning
1190,304,303,388.0,597495.0,175423.0,night
1191,304,304,6140.0,4988238.0,1787107.0,day
1192,304,304,4138.0,3034765.0,1087286.0,evening
1193,304,304,4856.0,4219012.0,1482382.0,morning
1194,304,304,649.0,530224.0,193411.0,night
1195,304,305,6485.0,14383513.0,4055998.0,day
1196,304,305,3969.0,8447906.0,2365615.0,evening
1197,304,305,3736.0,8055715.0,2347862.0,morning
1198,304,305,463.0,954585.0,268604.0,night
1199,304,401,261.0,1016233.0,306751.0,day
1200,304,401,184.0,717101.0,216827.0,evening
1201,304,401,69.0,265458.0,80977.0,morning
1202,304,401,29.0,110276.0,33420.0,night
1203,304,402,68.0,338711.0,100328.0,day
1204,304,402,48.0,236125.0,72153.0,evening
1205,304,402,16.0,77483.0,22838.0,morning
1206,304,402,9.0,45136.0,13465.0,night
1207,304,404,604.0,2739282.0,765622.0,day
1208,304,404,346.0,1498322.0,421899.0,evening
1209,304,404,82.0,369395.0,102416.0,morning
1210,304,404,47.0,207268.0,58079.0,night
1211,304,501,476.0,2553104.0,689192.0,day
1212,304,501,182.0,986811.0,265495.0,evening
1213,304,501,76.0,404056.0,109957.0,morning
1214,304,501,17.0,80870.0,22128.0,night
1215,304,601,118.0,575223.0,152879.0,day
1216,304,601,46.0,233492.0,61990.0,evening
1217,304,601,70.0,329372.0,90183.0,morning
1218,304,601,10.0,51554.0,13962.0,night
1219,304,602,154.0,1023920.0,272893.0,day
1220,304,602,77.0,515191.0,138682.0,evening
1221,304,602,24.0,171860.0,46285.0,morning
1222,304,602,8.0,50735.0,13645.0,night
1223,304,603,5.0,42475.0,11453.0,day
1224,304,603,2.0,20401.0,5614.0,evening
1225,304,701,11.0,120781.0,31349.0,day
1226,304,701,3.0,33698.0,8827.0,evening
1227,304,701,3.0,30241.0,7836.0,morning
1228,304,702,2.0,20838.0,5796.0,day
1229,304,702,1.0,9764.0,2655.0,evening
1230,305,000,29.0,283955.0,77101.0,day
1231,305,000,15.0,124888.0,34639.0,evening
1232,305,000,43.0,398397.0,107151.0,morning
1233,305,000,3.0,25234.0,6740.0,night
1234,305,101,2371.0,12022299.0,3175700.0,day
1235,305,101,827.0,4165683.0,1081606.0,evening
1236,305,101,3157.0,16599855.0,4384005.0,morning
1237,305,101,95.0,495872.0,129690.0,night
1238,305,102,346.0,2097738.0,547123.0,day
1239,305,102,180.0,1121416.0,296760.0,evening
1240,305,102,622.0,3750017.0,972994.0,morning
1241,305,102,54.0,324123.0,85798.0,night
1242,305,103,1337.0,7151408.0,2003458.0,day
1243,305,103,835.0,4562513.0,1280265.0,evening
1244,305,103,1458.0,8210649.0,2292467.0,morning
1245,305,103,91.0,513272.0,143114.0,night
1246,305,104,1277.0,5224096.0,1485836.0,day
1247,305,104,724.0,3015020.0,848454.0,evening
1248,305,104,751.0,3144048.0,889537.0,morning
1249,305,104,129.0,542713.0,151864.0,night
1250,305,105,12.0,102691.0,27508.0,day
1251,305,105,7.0,57608.0,15810.0,evening
1252,305,105,2.0,17980.0,4883.0,morning
1253,305,105,5.0,44264.0,12040.0,night
1254,305,201,846.0,3787605.0,1102745.0,day
1255,305,201,639.0,2735675.0,793657.0,evening
1256,305,201,1006.0,4631092.0,1338813.0,morning
1257,305,201,108.0,452551.0,131455.0,night
1258,305,202,200.0,1089145.0,311300.0,day
1259,305,202,188.0,1011151.0,290126.0,evening
1260,305,202,125.0,717461.0,203881.0,morning
1261,305,202,32.0,161544.0,45674.0,night
1262,305,203,459.0,2019484.0,593370.0,day
1263,305,203,400.0,1733725.0,509283.0,evening
1264,305,203,211.0,936029.0,272984.0,morning
1265,305,203,99.0,429373.0,126756.0,night
1266,305,204,178.0,1112754.0,322942.0,day
1267,305,204,61.0,392208.0,113749.0,evening
1268,305,204,104.0,630927.0,183406.0,morning
1269,305,204,39.0,249949.0,74535.0,night
1270,305,301,7651.0,23172991.0,5918783.0,day
1271,305,301,4324.0,13317841.0,3433874.0,evening
1272,305,301,6024.0,18294769.0,4655065.0,morning
1273,305,301,298.0,987004.0,260327.0,night
1274,305,302,2572.0,7123892.0,2095112.0,day
1275,305,302,2229.0,6181553.0,1816370.0,evening
1276,305,302,1506.0,4407686.0,1275670.0,morning
1277,305,302,317.0,877058.0,256389.0,night
1278,305,303,6003.0,11882672.0,3446922.0,day
1279,305,303,5280.0,10415712.0,3020630.0,evening
1280,305,303,3831.0,8442451.0,2431546.0,morning
1281,305,303,600.0,1262451.0,364747.0,night
1282,305,304,4784.0,10142489.0,3124913.0,day
1283,305,304,2383.0,4753281.0,1434665.0,evening
1284,305,304,5369.0,11870069.0,3642599.0,morning
1285,305,304,495.0,1050865.0,322931.0,night
1286,305,305,20291.0,23674655.0,6833090.0,day
1287,305,305,16846.0,19228109.0,5546993.0,evening
1288,305,305,8544.0,10828976.0,3134528.0,morning
1289,305,305,2082.0,2459518.0,697283.0,night
1290,305,401,402.0,1100519.0,345964.0,day
1291,305,401,331.0,921473.0,291432.0,evening
1292,305,401,123.0,340903.0,107681.0,morning
1293,305,401,70.0,184770.0,58302.0,night
1294,305,402,112.0,420581.0,128451.0,day
1295,305,402,76.0,294213.0,89828.0,evening
1296,305,402,19.0,68724.0,21071.0,morning
1297,305,402,18.0,70116.0,21225.0,night
1298,305,404,2708.0,6028572.0,1780853.0,day
1299,305,404,2104.0,4731909.0,1425628.0,evening
1300,305,404,1298.0,2515240.0,730363.0,morning
1301,305,404,328.0,757150.0,228655.0,night
1302,305,501,3332.0,11541064.0,3219731.0,day
1303,305,501,2438.0,8639503.0,2397799.0,evening
1304,305,501,1011.0,3627686.0,1000576.0,morning
1305,305,501,362.0,1285467.0,356625.0,night
1306,305,601,231.0,1035260.0,270211.0,day
1307,305,601,156.0,709821.0,185737.0,evening
1308,305,601,75.0,348236.0,91012.0,morning
1309,305,601,18.0,81618.0,21265.0,night
1310,305,602,365.0,2241700.0,605790.0,day
1311,305,602,233.0,1411435.0,384142.0,evening
1312,305,602,135.0,823211.0,223279.0,morning
1313,305,602,36.0,221942.0,61357.0,night
1314,305,603,12.0,113086.0,30620.0,day
1315,305,603,13.0,117476.0,31916.0,evening
1316,305,603,1.0,9846.0,2658.0,morning
1317,305,701,69.0,567460.0,153605.0,day
1318,305,701,34.0,271161.0,73067.0,evening
1319,305,701,36.0,289494.0,77156.0,morning
1320,305,701,17.0,124206.0,33726.0,night
1321,305,702,37.0,269268.0,75878.0,day
1322,305,702,44.0,303548.0,86565.0,evening
1323,305,702,20.0,140450.0,39913.0,morning
1324,305,702,7.0,51977.0,14514.0,night
1325,401,000,9.0,74246.0,19180.0,day
1326,401,000,3.0,21024.0,5372.0,evening
1327,401,000,24.0,193490.0,48534.0,morning
1328,401,101,45.0,328340.0,89595.0,day
1329,401,101,11.0,82351.0,22022.0,evening
1330,401,101,63.0,472271.0,127084.0,morning
1331,401,102,3.0,26926.0,7304.0,day
1332,401,102,5.0,44327.0,12072.0,evening
1333,401,102,5.0,41191.0,11092.0,morning
1334,401,103,51.0,366559.0,101655.0,day
1335,401,103,27.0,196585.0,54321.0,evening
1336,401,103,53.0,384360.0,106112.0,morning
1337,401,103,1.0,7596.0,2112.0,night
1338,401,104,123.0,650675.0,186438.0,day
1339,401,104,48.0,258065.0,72925.0,evening
1340,401,104,137.0,721994.0,206211.0,morning
1341,401,104,2.0,10300.0,2916.0,night
1342,401,105,1.0,10329.0,2787.0,day
1343,401,105,3.0,29386.0,7760.0,morning
1344,401,201,166.0,752496.0,198436.0,day
1345,401,201,42.0,195023.0,52727.0,evening
1346,401,201,74.0,341564.0,90743.0,morning
1347,401,201,8.0,35147.0,9259.0,night
1348,401,202,20.0,100836.0,26858.0,day
1349,401,202,17.0,86795.0,23110.0,evening
1350,401,202,6.0,35782.0,9337.0,morning
1351,401,202,2.0,13098.0,3445.0,night
1352,401,203,287.0,813398.0,213474.0,day
1353,401,203,238.0,665017.0,176086.0,evening
1354,401,203,172.0,500377.0,131935.0,morning
1355,401,203,37.0,103967.0,27498.0,night
1356,401,204,80.0,347067.0,90336.0,day
1357,401,204,30.0,143655.0,37497.0,evening
1358,401,204,57.0,250864.0,66377.0,morning
1359,401,204,15.0,61146.0,15705.0,night
1360,401,301,34.0,218417.0,58145.0,day
1361,401,301,41.0,264836.0,70666.0,evening
1362,401,301,25.0,155672.0,41286.0,morning
1363,401,301,3.0,18116.0,4953.0,night
1364,401,302,56.0,317264.0,84908.0,day
1365,401,302,58.0,333643.0,89239.0,evening
1366,401,302,11.0,64141.0,17177.0,morning
1367,401,302,7.0,39802.0,10603.0,night
1368,401,303,129.0,647152.0,174441.0,day
1369,401,303,114.0,591241.0,158243.0,evening
1370,401,303,57.0,281263.0,76420.0,morning
1371,401,303,14.0,66833.0,18477.0,night
1372,401,304,207.0,775346.0,226407.0,day
1373,401,304,78.0,293779.0,86665.0,evening
1374,401,304,186.0,710924.0,210802.0,morning
1375,401,304,13.0,47953.0,14290.0,night
1376,401,305,321.0,930690.0,267222.0,day
1377,401,305,265.0,789567.0,225805.0,evening
1378,401,305,216.0,561818.0,166158.0,morning
1379,401,305,24.0,71108.0,20136.0,night
1380,401,401,318.0,119747.0,36965.0,day
1381,401,401,314.0,112978.0,33766.0,evening
1382,401,401,124.0,49465.0,15907.0,morning
1383,401,401,43.0,19303.0,5625.0,night
1384,401,402,189.0,232563.0,67276.0,day
1385,401,402,175.0,213362.0,61683.0,evening
1386,401,402,64.0,79463.0,23001.0,morning
1387,401,402,40.0,47525.0,13715.0,night
1388,401,404,499.0,1193951.0,349101.0,day
1389,401,404,529.0,1175385.0,345557.0,evening
1390,401,404,133.0,319664.0,93331.0,morning
1391,401,404,72.0,158820.0,46725.0,night
1392,401,501,39.0,215060.0,60418.0,day
1393,401,501,27.0,160021.0,44782.0,evening
1394,401,501,39.0,233691.0,65993.0,morning
1395,401,501,3.0,21226.0,5741.0,night
1396,401,601,1.0,7549.0,2112.0,day
1397,401,601,1.0,7819.0,2138.0,morning
1398,401,602,8.0,72569.0,20219.0,day
1399,401,602,5.0,46235.0,12741.0,evening
1400,401,602,14.0,135437.0,38230.0,morning
1401,401,602,6.0,58236.0,16518.0,night
1402,401,603,1.0,12157.0,3341.0,morning
1403,401,701,2.0,21807.0,6022.0,evening
1404,401,701,2.0,18872.0,5236.0,morning
1405,401,702,2.0,20089.0,5814.0,evening
1406,401,702,1.0,10269.0,2907.0,morning
1407,402,000,5.0,36699.0,9758.0,day
1408,402,000,4.0,33670.0,9005.0,evening
1409,402,000,4.0,28957.0,7676.0,morning
1410,402,101,7.0,60337.0,16281.0,day
1411,402,101,5.0,42249.0,11356.0,evening
1412,402,101,5.0,43251.0,11556.0,morning
1413,402,102,4.0,38308.0,10444.0,day
1414,402,102,2.0,19283.0,5319.0,evening
1415,402,102,2.0,19316.0,5172.0,morning
1416,402,103,4.0,32692.0,9254.0,day
1417,402,103,8.0,71926.0,19130.0,evening
1418,402,103,9.0,69955.0,19143.0,morning
1419,402,104,40.0,274393.0,73033.0,day
1420,402,104,33.0,224284.0,59733.0,evening
1421,402,104,15.0,103117.0,27757.0,morning
1422,402,104,3.0,22378.0,5571.0,night
1423,402,201,36.0,205680.0,51851.0,day
1424,402,201,30.0,170515.0,43013.0,evening
1425,402,201,30.0,167224.0,41977.0,morning
1426,402,201,4.0,23162.0,5905.0,night
1427,402,202,13.0,78086.0,19794.0,day
1428,402,202,13.0,85300.0,21366.0,evening
1429,402,202,3.0,18975.0,4763.0,morning
1430,402,202,2.0,12143.0,3043.0,night
1431,402,203,127.0,388126.0,100270.0,day
1432,402,203,88.0,287699.0,74401.0,evening
1433,402,203,70.0,213462.0,56456.0,morning
1434,402,203,11.0,34916.0,9015.0,night
1435,402,204,17.0,85359.0,22310.0,day
1436,402,204,7.0,35259.0,9306.0,evening
1437,402,204,3.0,15151.0,3964.0,morning
1438,402,204,2.0,9621.0,2493.0,night
1439,402,301,5.0,36692.0,9786.0,day
1440,402,301,9.0,67567.0,18137.0,evening
1441,402,301,2.0,15373.0,4075.0,morning
1442,402,302,14.0,93366.0,25101.0,day
1443,402,302,15.0,101115.0,27114.0,evening
1444,402,302,3.0,20487.0,5484.0,morning
1445,402,302,1.0,6471.0,1740.0,night
1446,402,303,35.0,211399.0,57062.0,day
1447,402,303,37.0,230260.0,62249.0,evening
1448,402,303,22.0,130319.0,35691.0,morning
1449,402,303,7.0,44948.0,12001.0,night
1450,402,304,79.0,377686.0,108608.0,day
1451,402,304,48.0,231208.0,66227.0,evening
1452,402,304,35.0,167215.0,47925.0,morning
1453,402,304,6.0,29279.0,8264.0,night
1454,402,305,86.0,321659.0,91362.0,day
1455,402,305,69.0,288769.0,81008.0,evening
1456,402,305,32.0,121501.0,34385.0,morning
1457,402,305,14.0,60612.0,16895.0,night
1458,402,401,131.0,156106.0,46720.0,day
1459,402,401,113.0,140278.0,41524.0,evening
1460,402,401,61.0,74606.0,22172.0,morning
1461,402,401,19.0,22034.0,6644.0,night
1462,402,402,47.0,0.0,0.0,day
1463,402,402,50.0,0.0,0.0,evening
1464,402,402,8.0,0.0,0.0,morning
1465,402,402,5.0,0.0,0.0,night
1466,402,404,95.0,268180.0,75966.0,day
1467,402,404,140.0,389603.0,110810.0,evening
1468,402,404,21.0,53319.0,15092.0,morning
1469,402,404,21.0,54935.0,15677.0,night
1470,402,501,8.0,46353.0,12958.0,day
1471,402,501,9.0,57261.0,15403.0,evening
1472,402,501,3.0,18411.0,5085.0,morning
1473,402,702,2.0,20042.0,5400.0,evening
1474,404,000,2.0,17208.0,4677.0,day
1475,404,000,3.0,30339.0,7703.0,evening
1476,404,000,8.0,78236.0,21191.0,morning
1477,404,000,9.0,89671.0,23153.0,night
1478,404,101,114.0,888454.0,233594.0,day
1479,404,101,44.0,337762.0,88186.0,evening
1480,404,101,153.0,1234519.0,320061.0,morning
1481,404,101,3.0,22817.0,5986.0,night
1482,404,102,8.0,71278.0,18661.0,day
1483,404,102,4.0,35523.0,9350.0,evening
1484,404,102,5.0,44285.0,11634.0,morning
1485,404,102,2.0,18208.0,4715.0,night
1486,404,103,66.0,498287.0,132560.0,day
1487,404,103,36.0,290266.0,77094.0,evening
1488,404,103,80.0,621843.0,166589.0,morning
1489,404,103,5.0,46776.0,12550.0,night
1490,404,104,113.0,691079.0,186187.0,day
1491,404,104,72.0,463614.0,123354.0,evening
1492,404,104,73.0,480254.0,128246.0,morning
1493,404,104,4.0,23051.0,6151.0,night
1494,404,105,1.0,11078.0,2903.0,day
1495,404,201,56.0,352442.0,97418.0,day
1496,404,201,63.0,391199.0,108138.0,evening
1497,404,201,147.0,924232.0,252677.0,morning
1498,404,201,3.0,13809.0,3772.0,night
1499,404,202,53.0,374811.0,101188.0,day
1500,404,202,35.0,245622.0,66157.0,evening
1501,404,202,4.0,25946.0,7354.0,morning
1502,404,202,3.0,22746.0,6131.0,night
1503,404,203,239.0,1193955.0,330760.0,day
1504,404,203,171.0,817945.0,229944.0,evening
1505,404,203,97.0,456208.0,125510.0,morning
1506,404,203,44.0,214647.0,59533.0,night
1507,404,204,58.0,360881.0,103480.0,day
1508,404,204,22.0,144872.0,41445.0,evening
1509,404,204,28.0,172384.0,48784.0,morning
1510,404,204,25.0,146727.0,42647.0,night
1511,404,301,248.0,1469061.0,379828.0,day
1512,404,301,194.0,1174240.0,304353.0,evening
1513,404,301,230.0,1369886.0,355811.0,morning
1514,404,301,6.0,37838.0,9993.0,night
1515,404,302,140.0,759631.0,202136.0,day
1516,404,302,129.0,688091.0,184183.0,evening
1517,404,302,57.0,318610.0,85222.0,morning
1518,404,302,7.0,36465.0,9610.0,night
1519,404,303,362.0,1721434.0,458997.0,day
1520,404,303,302.0,1424953.0,380459.0,evening
1521,404,303,366.0,1752003.0,460004.0,morning
1522,404,303,25.0,121566.0,31938.0,night
1523,404,304,349.0,1526188.0,417306.0,day
1524,404,304,162.0,698940.0,190948.0,evening
1525,404,304,489.0,2188874.0,604115.0,morning
1526,404,304,44.0,218098.0,60416.0,night
1527,404,305,2501.0,5417928.0,1515122.0,day
1528,404,305,1975.0,4529986.0,1246506.0,evening
1529,404,305,1575.0,3489048.0,979069.0,morning
1530,404,305,202.0,435836.0,120789.0,night
1531,404,401,398.0,929235.0,268296.0,day
1532,404,401,451.0,1012411.0,287237.0,evening
1533,404,401,132.0,292241.0,82317.0,morning
1534,404,401,78.0,176026.0,50498.0,night
1535,404,402,119.0,336748.0,93347.0,day
1536,404,402,109.0,291767.0,79325.0,evening
1537,404,402,35.0,91004.0,24785.0,morning
1538,404,402,44.0,118400.0,32471.0,night
1539,404,404,4680.0,4610732.0,1465106.0,day
1540,404,404,4225.0,4119669.0,1323154.0,evening
1541,404,404,2082.0,2059690.0,650269.0,morning
1542,404,404,650.0,649020.0,207382.0,night
1543,404,501,951.0,3003918.0,863760.0,day
1544,404,501,663.0,2059531.0,591444.0,evening
1545,404,501,639.0,2148217.0,613083.0,morning
1546,404,501,66.0,222298.0,63260.0,night
1547,404,601,4.0,29013.0,7569.0,day
1548,404,601,3.0,21246.0,5500.0,evening
1549,404,601,1.0,6931.0,1816.0,morning
1550,404,602,57.0,399037.0,114431.0,day
1551,404,602,79.0,505936.0,148270.0,evening
1552,404,602,17.0,118628.0,33661.0,morning
1553,404,602,5.0,29847.0,8981.0,night
1554,404,701,31.0,233469.0,65000.0,day
1555,404,701,7.0,57017.0,15519.0,evening
1556,404,701,65.0,466655.0,132528.0,morning
1557,404,701,1.0,10345.0,2819.0,night
1558,404,702,7.0,50333.0,14735.0,day
1559,404,702,6.0,44314.0,13082.0,evening
1560,404,702,3.0,22669.0,6528.0,morning
1561,404,702,1.0,8626.0,2434.0,night
1562,501,000,4.0,46729.0,12804.0,day
1563,501,000,1.0,12643.0,3634.0,evening
1564,501,000,3.0,39790.0,10807.0,morning
1565,501,000,3.0,39140.0,10990.0,night
1566,501,101,101.0,779954.0,201803.0,day
1567,501,101,23.0,173254.0,44112.0,evening
1568,501,101,149.0,1085450.0,278325.0,morning
1569,501,101,11.0,88113.0,21850.0,night
1570,501,102,20.0,197720.0,50418.0,day
1571,501,102,14.0,134903.0,35189.0,evening
1572,501,102,43.0,326013.0,85078.0,morning
1573,501,102,2.0,14636.0,3846.0,night
1574,501,103,34.0,301901.0,82044.0,day
1575,501,103,7.0,50464.0,14064.0,evening
1576,501,103,45.0,344641.0,95824.0,morning
1577,501,103,1.0,9355.0,2528.0,night
1578,501,104,61.0,446334.0,124469.0,day
1579,501,104,14.0,89789.0,25260.0,evening
1580,501,104,30.0,200528.0,57291.0,morning
1581,501,104,9.0,57582.0,16319.0,night
1582,501,105,1.0,13996.0,3777.0,day
1583,501,105,3.0,32547.0,8811.0,evening
1584,501,105,1.0,11801.0,3236.0,morning
1585,501,201,37.0,286574.0,82351.0,day
1586,501,201,9.0,66624.0,19172.0,evening
1587,501,201,62.0,442915.0,125456.0,morning
1588,501,201,19.0,136632.0,38169.0,night
1589,501,202,4.0,31792.0,9114.0,day
1590,501,202,2.0,17259.0,4828.0,evening
1591,501,202,5.0,43112.0,12098.0,morning
1592,501,203,34.0,254340.0,73105.0,day
1593,501,203,30.0,226732.0,66619.0,evening
1594,501,203,20.0,174661.0,48324.0,morning
1595,501,203,4.0,28032.0,8444.0,night
1596,501,204,4.0,40504.0,11982.0,day
1597,501,204,3.0,25318.0,7495.0,evening
1598,501,204,1.0,7035.0,2067.0,morning
1599,501,204,2.0,22042.0,6242.0,night
1600,501,301,635.0,3695373.0,930750.0,day
1601,501,301,292.0,1633288.0,412830.0,evening
1602,501,301,465.0,2581808.0,644206.0,morning
1603,501,301,56.0,295084.0,76533.0,night
1604,501,302,170.0,970818.0,275414.0,day
1605,501,302,140.0,789056.0,223556.0,evening
1606,501,302,130.0,746923.0,212130.0,morning
1607,501,302,61.0,396906.0,112612.0,night
1608,501,303,573.0,2859788.0,779783.0,day
1609,501,303,368.0,1805157.0,494816.0,evening
1610,501,303,308.0,1401852.0,384956.0,morning
1611,501,303,61.0,329596.0,92302.0,night
1612,501,304,145.0,773708.0,222250.0,day
1613,501,304,64.0,297316.0,84676.0,evening
1614,501,304,332.0,1694767.0,491533.0,morning
1615,501,304,109.0,640676.0,188190.0,night
1616,501,305,2625.0,9244581.0,2547054.0,day
1617,501,305,1728.0,5864762.0,1638152.0,evening
1618,501,305,1585.0,5816660.0,1606244.0,morning
1619,501,305,134.0,520401.0,144819.0,night
1620,501,401,49.0,311522.0,89456.0,day
1621,501,401,26.0,159396.0,46939.0,evening
1622,501,401,36.0,172834.0,53919.0,morning
1623,501,401,2.0,12570.0,3566.0,night
1624,501,402,17.0,103227.0,29127.0,day
1625,501,402,11.0,65517.0,18464.0,evening
1626,501,402,6.0,37205.0,10288.0,morning
1627,501,402,6.0,35117.0,9727.0,night
1628,501,404,842.0,2651848.0,802821.0,day
1629,501,404,576.0,1814267.0,548407.0,evening
1630,501,404,304.0,1038066.0,301295.0,morning
1631,501,404,70.0,211551.0,62199.0,night
1632,501,501,5530.0,7823840.0,2206398.0,day
1633,501,501,5340.0,7199474.0,2035563.0,evening
1634,501,501,2140.0,2915910.0,816913.0,morning
1635,501,501,596.0,869121.0,242459.0,night
1636,501,601,104.0,616524.0,161867.0,day
1637,501,601,32.0,194246.0,51030.0,evening
1638,501,601,27.0,166927.0,44409.0,morning
1639,501,601,1.0,6187.0,1673.0,night
1640,501,602,683.0,3067949.0,854311.0,day
1641,501,602,505.0,2114831.0,597423.0,evening
1642,501,602,335.0,1459992.0,402473.0,morning
1643,501,602,74.0,324489.0,89701.0,night
1644,501,603,14.0,102710.0,27833.0,day
1645,501,603,5.0,42614.0,11645.0,evening
1646,501,603,1.0,8595.0,2379.0,night
1647,501,701,438.0,2044465.0,559466.0,day
1648,501,701,235.0,1082009.0,296052.0,evening
1649,501,701,282.0,1196390.0,328594.0,morning
1650,501,701,16.0,83469.0,22616.0,night
1651,501,702,334.0,1149529.0,345843.0,day
1652,501,702,322.0,1093901.0,334194.0,evening
1653,501,702,237.0,600496.0,184374.0,morning
1654,501,702,35.0,105501.0,33395.0,night
1655,601,000,2.0,26737.0,6911.0,evening
1656,601,101,674.0,3093116.0,775446.0,day
1657,601,101,377.0,1647394.0,410403.0,evening
1658,601,101,470.0,2285256.0,576657.0,morning
1659,601,101,75.0,342927.0,86582.0,night
1660,601,102,177.0,994510.0,251462.0,day
1661,601,102,115.0,652748.0,166742.0,evening
1662,601,102,76.0,430350.0,108904.0,morning
1663,601,102,14.0,81725.0,21150.0,night
1664,601,103,108.0,630270.0,170106.0,day
1665,601,103,118.0,685098.0,183560.0,evening
1666,601,103,107.0,609674.0,164335.0,morning
1667,601,103,31.0,173308.0,47053.0,night
1668,601,104,89.0,457547.0,124489.0,day
1669,601,104,60.0,306268.0,82935.0,evening
1670,601,104,70.0,360213.0,97822.0,morning
1671,601,104,8.0,42275.0,11510.0,night
1672,601,105,2.0,19239.0,5162.0,day
1673,601,105,3.0,30983.0,8400.0,evening
1674,601,105,1.0,8317.0,2210.0,morning
1675,601,105,1.0,9626.0,2543.0,night
1676,601,201,25.0,159545.0,43086.0,day
1677,601,201,23.0,150050.0,40646.0,evening
1678,601,201,16.0,102759.0,27911.0,morning
1679,601,201,3.0,19844.0,5282.0,night
1680,601,202,10.0,86025.0,22822.0,day
1681,601,202,2.0,18047.0,4781.0,evening
1682,601,203,9.0,76084.0,21282.0,day
1683,601,203,20.0,169284.0,47301.0,evening
1684,601,203,3.0,29520.0,7920.0,morning
1685,601,204,1.0,11265.0,2976.0,day
1686,601,204,2.0,19564.0,5432.0,morning
1687,601,301,2473.0,5691685.0,1448328.0,day
1688,601,301,2266.0,4900671.0,1260509.0,evening
1689,601,301,928.0,2449820.0,611783.0,morning
1690,601,301,158.0,397352.0,100433.0,night
1691,601,302,208.0,630104.0,183826.0,day
1692,601,302,225.0,638207.0,188426.0,evening
1693,601,302,56.0,190484.0,54254.0,morning
1694,601,302,34.0,104437.0,30124.0,night
1695,601,303,391.0,1275093.0,362308.0,day
1696,601,303,442.0,1417870.0,402228.0,evening
1697,601,303,312.0,1078488.0,300049.0,morning
1698,601,303,45.0,149169.0,41675.0,night
1699,601,304,59.0,301158.0,85834.0,day
1700,601,304,46.0,215976.0,61426.0,evening
1701,601,304,38.0,191050.0,54287.0,morning
1702,601,304,6.0,30422.0,8598.0,night
1703,601,305,208.0,939142.0,239029.0,day
1704,601,305,195.0,839826.0,213914.0,evening
1705,601,305,108.0,523636.0,136076.0,morning
1706,601,305,12.0,48442.0,12120.0,night
1707,601,401,1.0,8024.0,2267.0,day
1708,601,401,1.0,8640.0,2466.0,night
1709,601,402,1.0,8996.0,2612.0,day
1710,601,404,4.0,28519.0,7725.0,day
1711,601,404,2.0,15278.0,4312.0,evening
1712,601,404,1.0,6649.0,1946.0,night
1713,601,501,54.0,336446.0,89107.0,day
1714,601,501,48.0,300842.0,79285.0,evening
1715,601,501,23.0,142044.0,37771.0,morning
1716,601,501,5.0,31664.0,8443.0,night
1717,601,601,2126.0,1739282.0,560858.0,day
1718,601,601,1854.0,1514245.0,487525.0,evening
1719,601,601,902.0,685835.0,222455.0,morning
1720,601,601,75.0,54502.0,17925.0,night
1721,601,602,1932.0,4460902.0,1306042.0,day
1722,601,602,1761.0,4254373.0,1247065.0,evening
1723,601,602,414.0,869167.0,253707.0,morning
1724,601,602,378.0,922677.0,270930.0,night
1725,601,603,271.0,1210062.0,355400.0,day
1726,601,603,217.0,1001949.0,293454.0,evening
1727,601,603,31.0,142015.0,41370.0,morning
1728,601,603,64.0,306535.0,89858.0,night
1729,601,701,256.0,1435646.0,375711.0,day
1730,601,701,206.0,1209474.0,317594.0,evening
1731,601,701,122.0,673907.0,175309.0,morning
1732,601,701,51.0,302508.0,79577.0,night
1733,601,702,63.0,393197.0,109103.0,day
1734,601,702,77.0,482753.0,134197.0,evening
1735,601,702,13.0,78435.0,21838.0,morning
1736,601,702,17.0,106747.0,29791.0,night
1737,602,000,1.0,17721.0,4620.0,day
1738,602,000,1.0,12920.0,3474.0,evening
1739,602,000,2.0,29925.0,7794.0,morning
1740,602,101,369.0,2436135.0,623235.0,day
1741,602,101,126.0,852754.0,218337.0,evening
1742,602,101,505.0,3388934.0,874427.0,morning
1743,602,101,18.0,129946.0,33748.0,night
1744,602,102,79.0,610156.0,156409.0,day
1745,602,102,27.0,223910.0,58644.0,evening
1746,602,102,34.0,255217.0,65593.0,morning
1747,602,102,9.0,71383.0,18571.0,night
1748,602,103,51.0,397833.0,107048.0,day
1749,602,103,37.0,303044.0,81786.0,evening
1750,602,103,65.0,490504.0,134935.0,morning
1751,602,103,10.0,82925.0,22276.0,night
1752,602,104,87.0,618032.0,167248.0,day
1753,602,104,40.0,282205.0,76155.0,evening
1754,602,104,79.0,531942.0,144531.0,morning
1755,602,104,6.0,45521.0,12487.0,night
1756,602,105,1.0,10380.0,2805.0,evening
1757,602,201,12.0,105119.0,28315.0,day
1758,602,201,17.0,155772.0,42813.0,evening
1759,602,201,18.0,149750.0,41368.0,morning
1760,602,201,27.0,214644.0,58685.0,night
1761,602,202,4.0,44268.0,11802.0,day
1762,602,202,1.0,9439.0,2524.0,evening
1763,602,203,4.0,43658.0,11978.0,day
1764,602,204,1.0,11352.0,3111.0,day
1765,602,301,2411.0,11118937.0,2885588.0,day
1766,602,301,1196.0,5587757.0,1445812.0,evening
1767,602,301,1170.0,5605895.0,1451320.0,morning
1768,602,301,149.0,774211.0,203425.0,night
1769,602,302,232.0,1221846.0,343190.0,day
1770,602,302,220.0,1166595.0,326975.0,evening
1771,602,302,137.0,774127.0,219797.0,morning
1772,602,302,54.0,305628.0,85582.0,night
1773,602,303,445.0,2367468.0,655025.0,day
1774,602,303,315.0,1683329.0,465252.0,evening
1775,602,303,402.0,2132019.0,584351.0,morning
1776,602,303,66.0,358525.0,99258.0,night
1777,602,304,47.0,326859.0,92217.0,day
1778,602,304,45.0,320051.0,89104.0,evening
1779,602,304,66.0,456323.0,129265.0,morning
1780,602,304,8.0,55749.0,16048.0,night
1781,602,305,282.0,1721447.0,448885.0,day
1782,602,305,234.0,1464911.0,385440.0,evening
1783,602,305,138.0,840506.0,219038.0,morning
1784,602,305,16.0,91782.0,23874.0,night
1785,602,401,9.0,87290.0,25886.0,day
1786,602,401,10.0,92292.0,26851.0,evening
1787,602,402,1.0,9944.0,2716.0,morning
1788,602,404,69.0,461642.0,131789.0,day
1789,602,404,18.0,112697.0,32421.0,evening
1790,602,404,35.0,234862.0,67517.0,morning
1791,602,404,5.0,35044.0,10008.0,night
1792,602,501,955.0,3988916.0,1062208.0,day
1793,602,501,871.0,3381745.0,896985.0,evening
1794,602,501,390.0,1721702.0,455067.0,morning
1795,602,501,78.0,283422.0,72924.0,night
1796,602,601,1596.0,3942017.0,1172058.0,day
1797,602,601,1002.0,2359364.0,708072.0,evening
1798,602,601,974.0,2141665.0,639845.0,morning
1799,602,601,126.0,299082.0,89534.0,night
1800,602,602,26027.0,29266137.0,8582770.0,day
1801,602,602,20545.0,22763807.0,6641577.0,evening
1802,602,602,15389.0,17262342.0,4919417.0,morning
1803,602,602,2629.0,3048320.0,870447.0,night
1804,602,603,2467.0,7324724.0,2166770.0,day
1805,602,603,1879.0,5522035.0,1636585.0,evening
1806,602,603,559.0,1601256.0,471017.0,morning
1807,602,603,465.0,1369147.0,404870.0,night
1808,602,701,3715.0,9392274.0,2429556.0,day
1809,602,701,2156.0,5800454.0,1499329.0,evening
1810,602,701,2678.0,4779365.0,1251266.0,morning
1811,602,701,503.0,1279279.0,332842.0,night
1812,602,702,386.0,1349036.0,384364.0,day
1813,602,702,317.0,1071075.0,309170.0,evening
1814,602,702,195.0,711816.0,201845.0,morning
1815,602,702,76.0,264322.0,75571.0,night
1816,603,101,13.0,128116.0,33483.0,day
1817,603,101,6.0,50709.0,12850.0,evening
1818,603,101,22.0,198001.0,51091.0,morning
1819,603,101,2.0,18046.0,4798.0,night
1820,603,102,5.0,52569.0,13680.0,day
1821,603,102,6.0,63791.0,16704.0,evening
1822,603,102,2.0,21246.0,5692.0,night
1823,603,103,1.0,9477.0,2586.0,day
1824,603,103,2.0,20753.0,5684.0,evening
1825,603,103,1.0,10091.0,2675.0,morning
1826,603,103,3.0,33334.0,9142.0,night
1827,603,104,3.0,27772.0,7542.0,day
1828,603,104,3.0,29503.0,7927.0,evening
1829,603,104,2.0,20307.0,5389.0,morning
1830,603,105,1.0,14435.0,3918.0,evening
1831,603,201,1.0,11076.0,2929.0,day
1832,603,203,1.0,13334.0,3673.0,day
1833,603,203,1.0,12296.0,3369.0,evening
1834,603,301,171.0,1145561.0,299006.0,day
1835,603,301,80.0,532376.0,138835.0,evening
1836,603,301,136.0,944069.0,246658.0,morning
1837,603,301,19.0,133607.0,35258.0,night
1838,603,302,12.0,88549.0,24474.0,day
1839,603,302,10.0,74975.0,20604.0,evening
1840,603,302,2.0,15584.0,4255.0,morning
1841,603,303,34.0,267942.0,72841.0,day
1842,603,303,14.0,103489.0,28426.0,evening
1843,603,303,56.0,431761.0,118982.0,morning
1844,603,303,1.0,7864.0,2179.0,night
1845,603,304,2.0,16697.0,4473.0,day
1846,603,304,2.0,19543.0,5483.0,evening
1847,603,304,1.0,9395.0,2551.0,morning
1848,603,305,14.0,121455.0,31800.0,day
1849,603,305,5.0,48551.0,12805.0,evening
1850,603,305,29.0,257567.0,67158.0,morning
1851,603,305,1.0,10920.0,2947.0,night
1852,603,404,2.0,22109.0,5995.0,day
1853,603,404,2.0,23942.0,6533.0,evening
1854,603,501,12.0,103435.0,27813.0,day
1855,603,501,14.0,114129.0,30381.0,evening
1856,603,501,15.0,109809.0,28186.0,morning
1857,603,601,244.0,1133099.0,318504.0,day
1858,603,601,127.0,592513.0,166494.0,evening
1859,603,601,169.0,812552.0,228704.0,morning
1860,603,601,24.0,107785.0,30481.0,night
1861,603,602,1758.0,5127071.0,1417359.0,day
1862,603,602,1184.0,3471029.0,965218.0,evening
1863,603,602,1255.0,3630010.0,1001270.0,morning
1864,603,602,193.0,567202.0,157240.0,night
1865,603,603,2207.0,2707904.0,836426.0,day
1866,603,603,2270.0,2762860.0,849772.0,evening
1867,603,603,640.0,809823.0,248765.0,morning
1868,603,603,236.0,313588.0,95066.0,night
1869,603,701,164.0,803709.0,213043.0,day
1870,603,701,86.0,425501.0,112837.0,evening
1871,603,701,90.0,488171.0,130011.0,morning
1872,603,701,17.0,85589.0,22795.0,night
1873,603,702,8.0,57386.0,15718.0,day
1874,603,702,10.0,67049.0,18092.0,evening
1875,603,702,1.0,6593.0,1794.0,morning
1876,603,702,1.0,7482.0,2099.0,night
1877,701,000,2.0,38948.0,10088.0,evening
1878,701,101,22.0,233707.0,59601.0,day
1879,701,101,9.0,90697.0,22923.0,evening
1880,701,101,5.0,46545.0,11678.0,morning
1881,701,101,1.0,9759.0,2452.0,night
1882,701,102,3.0,32835.0,8386.0,day
1883,701,102,5.0,56619.0,14432.0,evening
1884,701,102,1.0,10837.0,2754.0,morning
1885,701,103,10.0,114875.0,30426.0,day
1886,701,103,8.0,92096.0,24341.0,evening
1887,701,103,5.0,62258.0,16093.0,morning
1888,701,103,5.0,57305.0,15096.0,night
1889,701,104,4.0,45685.0,12097.0,day
1890,701,104,5.0,50050.0,13690.0,morning
1891,701,105,1.0,14321.0,3786.0,evening
1892,701,201,1.0,11674.0,3099.0,day
1893,701,201,2.0,23838.0,6436.0,evening
1894,701,201,1.0,13695.0,3610.0,night
1895,701,202,2.0,28118.0,7366.0,day
1896,701,202,1.0,14479.0,3783.0,evening
1897,701,202,1.0,15125.0,3919.0,morning
1898,701,203,1.0,13921.0,3899.0,day
1899,701,203,2.0,24758.0,7086.0,evening
1900,701,204,1.0,14835.0,4299.0,day
1901,701,204,2.0,30646.0,8476.0,evening
1902,701,204,5.0,75410.0,20840.0,morning
1903,701,301,125.0,921433.0,233618.0,day
1904,701,301,98.0,776416.0,196030.0,evening
1905,701,301,42.0,315784.0,79991.0,morning
1906,701,301,10.0,79391.0,20140.0,night
1907,701,302,23.0,194901.0,52101.0,day
1908,701,302,16.0,132258.0,35327.0,evening
1909,701,302,3.0,25464.0,6805.0,morning
1910,701,302,5.0,43801.0,11847.0,night
1911,701,303,28.0,226506.0,60341.0,day
1912,701,303,23.0,195274.0,51792.0,evening
1913,701,303,22.0,208954.0,55257.0,morning
1914,701,303,1.0,8630.0,2207.0,night
1915,701,304,6.0,65620.0,18000.0,day
1916,701,304,2.0,20815.0,5630.0,evening
1917,701,304,2.0,22450.0,6209.0,morning
1918,701,305,64.0,513462.0,136063.0,day
1919,701,305,38.0,306184.0,82564.0,evening
1920,701,305,20.0,171072.0,45387.0,morning
1921,701,305,5.0,37610.0,10154.0,night
1922,701,401,3.0,33775.0,9739.0,day
1923,701,401,1.0,11869.0,3327.0,evening
1924,701,402,6.0,72445.0,20000.0,day
1925,701,402,3.0,36096.0,9987.0,evening
1926,701,404,67.0,483787.0,137924.0,day
1927,701,404,20.0,150974.0,42841.0,evening
1928,701,404,3.0,25886.0,7361.0,morning
1929,701,404,3.0,22159.0,6266.0,night
1930,701,501,466.0,2172448.0,584278.0,day
1931,701,501,319.0,1494960.0,401459.0,evening
1932,701,501,155.0,820438.0,217412.0,morning
1933,701,501,25.0,129649.0,34765.0,night
1934,701,601,237.0,1325327.0,350215.0,day
1935,701,601,118.0,675362.0,177055.0,evening
1936,701,601,69.0,403031.0,106629.0,morning
1937,701,601,17.0,101136.0,26601.0,night
1938,701,602,4167.0,9185712.0,2495465.0,day
1939,701,602,2595.0,6427260.0,1782208.0,evening
1940,701,602,1131.0,2919022.0,783847.0,morning
1941,701,602,506.0,1386877.0,387031.0,night
1942,701,603,146.0,729163.0,198802.0,day
1943,701,603,136.0,715905.0,195391.0,evening
1944,701,603,27.0,132799.0,36095.0,morning
1945,701,603,29.0,138355.0,37958.0,night
1946,701,701,11637.0,11638825.0,3232778.0,day
1947,701,701,9337.0,8916449.0,2497434.0,evening
1948,701,701,5395.0,5549205.0,1514418.0,morning
1949,701,701,1337.0,1388222.0,386473.0,night
1950,701,702,1043.0,1917744.0,644364.0,day
1951,701,702,872.0,1608294.0,539737.0,evening
1952,701,702,274.0,504829.0,165131.0,morning
1953,701,702,253.0,450242.0,150644.0,night
1954,702,000,1.0,15649.0,4384.0,day
1955,702,101,6.0,67361.0,16690.0,day
1956,702,102,3.0,37685.0,9493.0,day
1957,702,103,2.0,24078.0,6142.0,morning
1958,702,104,2.0,24030.0,6286.0,evening
1959,702,104,1.0,11052.0,2821.0,morning
1960,702,202,1.0,13595.0,3756.0,morning
1961,702,203,2.0,25752.0,7246.0,day
1962,702,203,1.0,13392.0,3721.0,evening
1963,702,204,1.0,14131.0,3858.0,evening
1964,702,301,11.0,90250.0,22227.0,day
1965,702,301,5.0,42465.0,10544.0,evening
1966,702,301,31.0,251627.0,61732.0,morning
1967,702,301,5.0,43020.0,10430.0,night
1968,702,302,2.0,20281.0,5326.0,day
1969,702,302,2.0,17866.0,4564.0,evening
1970,702,302,1.0,9474.0,2470.0,morning
1971,702,303,2.0,18592.0,4844.0,day
1972,702,303,3.0,26092.0,6738.0,evening
1973,702,303,1.0,8041.0,2007.0,morning
1974,702,303,2.0,17957.0,4676.0,night
1975,702,304,1.0,9470.0,2681.0,day
1976,702,304,1.0,9612.0,2570.0,morning
1977,702,304,1.0,9800.0,2584.0,night
1978,702,305,49.0,353829.0,90027.0,day
1979,702,305,29.0,211952.0,54973.0,evening
1980,702,305,20.0,142159.0,36417.0,morning
1981,702,305,2.0,14845.0,3890.0,night
1982,702,401,1.0,9593.0,2636.0,day
1983,702,402,1.0,9533.0,2552.0,day
1984,702,402,1.0,10905.0,2971.0,evening
1985,702,404,3.0,19530.0,5467.0,day
1986,702,404,11.0,78181.0,21740.0,evening
1987,702,404,4.0,30086.0,8690.0,morning
1988,702,404,2.0,11584.0,3072.0,night
1989,702,501,606.0,1733573.0,452520.0,day
1990,702,501,407.0,1206755.0,314399.0,evening
1991,702,501,109.0,376197.0,95605.0,morning
1992,702,501,38.0,132125.0,34193.0,night
1993,702,601,47.0,297548.0,75734.0,day
1994,702,601,41.0,258443.0,65549.0,evening
1995,702,601,29.0,184694.0,46919.0,morning
1996,702,601,5.0,30943.0,7844.0,night
1997,702,602,410.0,1468304.0,371026.0,day
1998,702,602,317.0,1078728.0,279762.0,evening
1999,702,602,265.0,845167.0,204697.0,morning
2000,702,602,47.0,152874.0,39892.0,night
2001,702,603,7.0,54134.0,14134.0,day
2002,702,603,5.0,31401.0,8044.0,evening
2003,702,603,1.0,8120.0,2105.0,morning
2004,702,603,2.0,13642.0,3538.0,night
2005,702,701,1206.0,2134959.0,536430.0,day
2006,702,701,731.0,1369287.0,343875.0,evening
2007,702,701,930.0,1647999.0,410317.0,morning
2008,702,701,90.0,179472.0,45971.0,night
2009,702,702,2167.0,1407411.0,386028.0,day
2010,702,702,1923.0,1219119.0,346798.0,evening
2011,702,702,1206.0,768895.0,195457.0,morning
2012,702,702,140.0,87485.0,23954.0,night
