,district,count_outgoing,distance_outgoing,duration_outgoing,count_within,distance_within,duration_within,count_incoming,distance_incoming,duration_incoming,count_outgoing_night,distance_outgoing_night,duration_outgoing_night,count_within_night,distance_within_night,duration_within_night,count_incoming_night,distance_incoming_night,duration_incoming_night,count_outgoing_morning,distance_outgoing_morning,duration_outgoing_morning,count_within_morning,distance_within_morning,duration_within_morning,count_incoming_morning,distance_incoming_morning,duration_incoming_morning,count_outgoing_day,distance_outgoing_day,duration_outgoing_day,count_within_day,distance_within_day,duration_within_day,count_incoming_day,distance_incoming_day,duration_incoming_day,count_outgoing_evening,distance_outgoing_evening,duration_outgoing_evening,count_within_evening,distance_within_evening,duration_within_evening,count_incoming_evening,distance_incoming_evening,duration_incoming_evening,count_outgoing_sun,distance_outgoing_sun,duration_outgoing_sun,count_within_sun,distance_within_sun,duration_within_sun,count_incoming_sun,distance_incoming_sun,duration_incoming_sun,count_outgoing_mon,distance_outgoing_mon,duration_outgoing_mon,count_within_mon,distance_within_mon,duration_within_mon,count_incoming_mon,distance_incoming_mon,duration_incoming_mon,count_outgoing_tue,distance_outgoing_tue,duration_outgoing_tue,count_within_tue,distance_within_tue,duration_within_tue,count_incoming_tue,distance_incoming_tue,duration_incoming_tue,count_outgoing_wed,distance_outgoing_wed,duration_outgoing_wed,count_within_wed,distance_within_wed,duration_within_wed,count_incoming_wed,distance_incoming_wed,duration_incoming_wed,count_outgoing_thu,distance_outgoing_thu,duration_outgoing_thu,count_within_thu,distance_within_thu,duration_within_thu,count_incoming_thu,distance_incoming_thu,duration_incoming_thu,count_outgoing_fri,distance_outgoing_fri,duration_outgoing_fri,count_within_fri,distance_within_fri,duration_within_fri,count_incoming_fri,distance_incoming_fri,duration_incoming_fri,count_outgoing_sat,distance_outgoing_sat,duration_outgoing_sat,count_within_sat,distance_within_sat,duration_within_sat,count_incoming_sat,distance_incoming_sat,duration_incoming_sat
0,000,37279.0,185098916.0,48952915.0,,,,36219.0,178263004.0,46938185.0,1228.0,6208154.0,1645796.0,,,,1836.0,10158212.0,2713667.0,6739.0,35607186.0,9436127.0,,,,11002.0,54962282.0,14380430.0,18861.0,93592260.0,24752541.0,,,,14377.0,69354143.0,18275711.0,10451.0,49691316.0,13118451.0,,,,9004.0,43788367.0,11568377.0,4018.0,18763073.0,4967816.0,,,,4019.0,18972024.0,5022704.0,5872.0,29809016.0,7879935.0,,,,5748.0,29033542.0,7628316.0,6391.0,32369635.0,8556130.0,,,,6041.0,29991341.0,7877244.0,6354.0,32092981.0,8492072.0,,,,6059.0,29991940.0,7890485.0,5814.0,29220299.0,7722864.0,,,,5459.0,27347881.0,7193069.0,4692.0,23125841.0,6113359.0,,,,4849.0,23699530.0,6229476.0,4138.0,19718071.0,5220739.0,,,,4044.0,19226746.0,5096891.0
1,101,337922.0,730013035.0,211669081.0,76407.0,74786380.0,21620453.0,345100.0,744235431.0,203406665.0,15460.0,36444053.0,10512800.0,2727.0,2844203.0,811630.0,12378.0,25460204.0,6986859.0,73221.0,138277696.0,40421857.0,20351.0,20838769.0,6051116.0,107282.0,243105020.0,66243948.0,152829.0,335212815.0,97124411.0,34128.0,32273253.0,9351242.0,155246.0,329736238.0,90273742.0,96412.0,220078471.0,63610013.0,19201.0,18830155.0,5406465.0,70194.0,145933969.0,39902116.0,32632.0,72450544.0,20911060.0,7785.0,7626605.0,2188040.0,30930.0,67959823.0,18490467.0,52861.0,114849662.0,33333585.0,11260.0,11006966.0,3193755.0,53165.0,113974825.0,31240303.0,54906.0,118626599.0,34429310.0,12098.0,11951439.0,3463477.0,56037.0,120480459.0,32978224.0,57788.0,124169805.0,36055082.0,12667.0,12485101.0,3618575.0,58812.0,126486254.0,34598867.0,54232.0,116773314.0,33892026.0,12056.0,11818059.0,3427295.0,55749.0,119946079.0,32815375.0,47750.0,101234702.0,29382897.0,11383.0,11081732.0,3199700.0,50812.0,108500987.0,29654483.0,37753.0,81908409.0,23665121.0,9158.0,8816478.0,2529611.0,39595.0,86887004.0,23628946.0
2,102,193674.0,427688900.0,121260043.0,78129.0,87386377.0,25732933.0,205128.0,444518858.0,126583167.0,11096.0,26044109.0,7381554.0,3560.0,3558872.0,1063502.0,7218.0,16161406.0,4667627.0,44146.0,91870717.0,26042671.0,14002.0,14826170.0,4380331.0,66116.0,139817308.0,39739203.0,81807.0,177479072.0,50233114.0,35942.0,41750831.0,12240132.0,80516.0,174672157.0,49637913.0,56625.0,132295002.0,37602704.0,24625.0,27250504.0,8048968.0,51278.0,113867987.0,32538424.0,20241.0,47436407.0,13489189.0,9577.0,10955477.0,3212684.0,20456.0,47029422.0,13338127.0,28363.0,61805688.0,17476287.0,9901.0,10618297.0,3141384.0,29640.0,63052996.0,18020516.0,30118.0,65819595.0,18607488.0,10622.0,11355604.0,3362534.0,32192.0,68354440.0,19530201.0,33079.0,73138743.0,20704740.0,12369.0,13595580.0,4018230.0,35183.0,75927234.0,21620372.0,30537.0,66500891.0,18846570.0,11564.0,12752362.0,3761869.0,32611.0,69302627.0,19780612.0,27179.0,58075589.0,16487806.0,10998.0,12362659.0,3636137.0,29265.0,61967775.0,17672097.0,24157.0,54911987.0,15647963.0,13098.0,15746398.0,4600095.0,25781.0,58884364.0,16621242.0
3,103,371533.0,868463167.0,249072501.0,271336.0,306619801.0,94799133.0,369591.0,885724473.0,252154002.0,16321.0,42038116.0,11932084.0,8951.0,9862797.0,3015445.0,16102.0,38185623.0,10997737.0,89496.0,191594076.0,55464553.0,69902.0,79710332.0,24347160.0,104988.0,266443754.0,75325089.0,162882.0,382600784.0,109553844.0,118657.0,135521564.0,42227020.0,151753.0,354075865.0,101043724.0,102834.0,252230191.0,72122020.0,73826.0,81525108.0,25209508.0,96748.0,227019231.0,64787452.0,37715.0,91667432.0,26175609.0,27919.0,31711905.0,9798392.0,37841.0,91522711.0,26035604.0,57470.0,135277932.0,38832643.0,41525.0,46528056.0,14299285.0,56499.0,135571016.0,38606358.0,59982.0,140332635.0,40306923.0,43677.0,49358771.0,15216580.0,59612.0,143274086.0,40764559.0,62883.0,147359758.0,42270806.0,45527.0,51680991.0,15942732.0,62454.0,150383178.0,42801994.0,58729.0,136355481.0,39171187.0,43064.0,48785235.0,15092571.0,59001.0,141529822.0,40291595.0,52488.0,119145060.0,34198730.0,39516.0,44390876.0,13803250.0,51926.0,122201056.0,34821946.0,42266.0,98324869.0,28116603.0,30108.0,34163967.0,10646323.0,42258.0,101242604.0,28831946.0
4,104,168213.0,402354231.0,113108179.0,23610.0,16788894.0,4988718.0,168941.0,398370461.0,110487195.0,6453.0,16064718.0,4591947.0,992.0,617727.0,181277.0,8670.0,19697896.0,5430357.0,42336.0,100858941.0,28177940.0,4027.0,2979350.0,902555.0,30445.0,75634460.0,21091236.0,68115.0,161072174.0,45052969.0,10262.0,7489146.0,2218394.0,77089.0,182891927.0,50736682.0,51309.0,124358398.0,35285323.0,8329.0,5702671.0,1686492.0,52737.0,120146178.0,33228920.0,19356.0,46384631.0,13045720.0,3238.0,2321781.0,696044.0,19857.0,47221720.0,13129205.0,23966.0,57603704.0,16190617.0,3083.0,2213025.0,658592.0,24679.0,58183416.0,16141450.0,26111.0,62771165.0,17672754.0,3536.0,2513463.0,744754.0,26034.0,61340501.0,17017110.0,27194.0,65189365.0,18318628.0,3678.0,2651559.0,787941.0,27246.0,64189441.0,17787164.0,26267.0,62995980.0,17698346.0,3560.0,2544228.0,756206.0,26329.0,61804800.0,17135942.0,23481.0,55364562.0,15566949.0,3295.0,2315498.0,680744.0,23303.0,54391213.0,15059507.0,21838.0,52044824.0,14615165.0,3220.0,2229340.0,664437.0,21493.0,51239370.0,14216817.0
5,105,61651.0,223493787.0,61181856.0,73992.0,70387450.0,19668432.0,62277.0,229372977.0,62714897.0,2186.0,8647639.0,2378097.0,1451.0,1590615.0,456485.0,4775.0,17937093.0,4879538.0,22386.0,79673275.0,21841881.0,20345.0,18374215.0,4962834.0,7863.0,30037511.0,8169953.0,22585.0,82194270.0,22523015.0,30098.0,28682592.0,8044603.0,28630.0,104661174.0,28691384.0,14494.0,52978603.0,14438863.0,22098.0,21740028.0,6204510.0,21009.0,76737199.0,20974022.0,6960.0,25434173.0,6956501.0,7665.0,7792538.0,2215519.0,7864.0,28684626.0,7858991.0,9147.0,33114703.0,9082624.0,11087.0,10380066.0,2892925.0,9594.0,35327036.0,9655301.0,9528.0,34445510.0,9433977.0,11638.0,10891728.0,3026508.0,9726.0,36101295.0,9864631.0,10022.0,36557782.0,10002109.0,12385.0,11658931.0,3241046.0,10172.0,37879121.0,10353541.0,9445.0,33918275.0,9279414.0,12064.0,11234513.0,3127430.0,9309.0,34164287.0,9332392.0,8518.0,30529315.0,8362030.0,10697.0,9909413.0,2754892.0,7963.0,28929794.0,7908011.0,8031.0,29494029.0,8065201.0,8456.0,8520261.0,2410112.0,7649.0,28286818.0,7742030.0
6,201,120493.0,369797428.0,100825498.0,42281.0,46034266.0,13435040.0,117974.0,365166215.0,100436895.0,3823.0,11478361.0,3119474.0,2266.0,2236328.0,628453.0,5543.0,18149724.0,4981086.0,33465.0,109008303.0,29566655.0,10106.0,12699689.0,3809330.0,30059.0,89914332.0,25161654.0,51652.0,156406936.0,42662516.0,16333.0,17552687.0,5070488.0,47440.0,149439098.0,40825903.0,31553.0,92903828.0,25476853.0,13576.0,13545562.0,3926769.0,34932.0,107663061.0,29468252.0,12815.0,38524268.0,10522923.0,5172.0,5402589.0,1572568.0,13169.0,40162643.0,11016042.0,18632.0,57603143.0,15703343.0,6420.0,7005875.0,2056981.0,18569.0,58024657.0,15967238.0,19759.0,60966203.0,16625007.0,6482.0,7155597.0,2092880.0,19457.0,60672598.0,16705676.0,20194.0,62365970.0,16978150.0,6780.0,7490066.0,2186513.0,19836.0,62087845.0,17078983.0,19458.0,59749682.0,16293723.0,6647.0,7344233.0,2145530.0,18843.0,58145234.0,16025090.0,16476.0,50220275.0,13691612.0,6058.0,6614689.0,1929952.0,15685.0,48211227.0,13280350.0,13159.0,40367887.0,11010740.0,4722.0,5021217.0,1450616.0,12415.0,37862011.0,10363516.0
7,202,56147.0,181339095.0,50173932.0,29918.0,36613807.0,10107472.0,60955.0,198117700.0,52035935.0,2035.0,6491512.0,1799236.0,1733.0,2300521.0,639244.0,3151.0,11177457.0,2943251.0,17148.0,57036251.0,15787905.0,4647.0,5686494.0,1536784.0,8634.0,26630666.0,6989928.0,21854.0,70277902.0,19420218.0,11867.0,14739416.0,4055448.0,28361.0,92313438.0,24195114.0,15110.0,47533430.0,13166573.0,11671.0,13887376.0,3875996.0,20809.0,67996139.0,17907642.0,6972.0,22499915.0,6228835.0,4222.0,5232423.0,1443420.0,7822.0,25808707.0,6792452.0,8169.0,26465907.0,7318099.0,4050.0,4954222.0,1370905.0,9091.0,29724311.0,7798048.0,8842.0,28855985.0,7983979.0,4286.0,5285490.0,1452523.0,9656.0,31463089.0,8265316.0,8965.0,28924504.0,8006578.0,4482.0,5501157.0,1522617.0,9801.0,31859993.0,8370156.0,8392.0,26658799.0,7387367.0,4343.0,5323090.0,1470157.0,9399.0,30401276.0,7971671.0,7552.0,24116010.0,6670544.0,4123.0,5002451.0,1378971.0,7884.0,24819501.0,6517835.0,7255.0,23817975.0,6578530.0,4412.0,5314974.0,1468879.0,7302.0,24040823.0,6320457.0
8,203,36472.0,124042397.0,33871317.0,19943.0,21676260.0,6515212.0,36452.0,124951204.0,34517029.0,1313.0,4288679.0,1187639.0,963.0,1181798.0,352292.0,2180.0,7803540.0,2153128.0,11587.0,40406735.0,11033833.0,4499.0,4733187.0,1435133.0,5432.0,16585069.0,4617577.0,13802.0,47475748.0,12924456.0,7935.0,8620655.0,2583155.0,16157.0,55759719.0,15402243.0,9770.0,31871235.0,8725389.0,6546.0,7140620.0,2144632.0,12683.0,44802876.0,12344081.0,4293.0,14902583.0,4065622.0,2305.0,2592111.0,775501.0,4595.0,16000356.0,4424671.0,5567.0,18929270.0,5173990.0,3006.0,3203100.0,966122.0,5749.0,19792399.0,5472945.0,6014.0,20027899.0,5479990.0,3178.0,3410347.0,1030379.0,5857.0,20117117.0,5546157.0,5850.0,19792028.0,5407736.0,3252.0,3530042.0,1060803.0,5889.0,20246234.0,5583342.0,5644.0,18826332.0,5142720.0,3083.0,3308819.0,996626.0,5607.0,19065644.0,5271483.0,4781.0,16103711.0,4388540.0,2771.0,3022485.0,907711.0,4577.0,15233394.0,4210934.0,4323.0,15460574.0,4212719.0,2348.0,2609356.0,778070.0,4178.0,14496060.0,4007497.0
9,204,21991.0,73207639.0,19593730.0,7555.0,7617240.0,2133266.0,22661.0,72438154.0,20293821.0,667.0,1983786.0,526754.0,203.0,184561.0,52191.0,1122.0,4083615.0,1141467.0,3982.0,14725884.0,3917599.0,2027.0,2105104.0,570575.0,7535.0,22035996.0,6192806.0,11553.0,38583664.0,10372660.0,3193.0,3244722.0,916522.0,7806.0,25809651.0,7228136.0,5789.0,17914305.0,4776717.0,2132.0,2082853.0,593978.0,6198.0,20508892.0,5731412.0,2191.0,6970543.0,1848308.0,756.0,718853.0,203116.0,2324.0,7512545.0,2096583.0,3670.0,12423605.0,3340178.0,1223.0,1247235.0,348656.0,3672.0,11731276.0,3288093.0,3868.0,12889041.0,3460057.0,1256.0,1257634.0,351463.0,3904.0,12362242.0,3468959.0,3763.0,12711629.0,3408772.0,1332.0,1367308.0,380320.0,3927.0,12632304.0,3541298.0,3604.0,12064129.0,3229942.0,1260.0,1272492.0,356073.0,3711.0,11942429.0,3345171.0,2892.0,9623441.0,2579984.0,1025.0,1045497.0,293051.0,2975.0,9435321.0,2644784.0,2003.0,6525251.0,1726489.0,703.0,708221.0,200587.0,2148.0,6822037.0,1908933.0
10,205,,,,,,,,,,,,,,,,,,,,,,,,,,,,,,,,,,,,,,,,,,,,,,,,,,,,,,,,,,,,,,,,,,,,,,,,,,,,,,,,,,,,,,,,,,,,,,,,,,,,,,,,,,,,
11,301,219254.0,550443624.0,156969183.0,77862.0,85167722.0,22827023.0,223683.0,557837991.0,153514832.0,14213.0,39611297.0,11368229.0,3769.0,4006871.0,1087927.0,9708.0,23310381.0,6542091.0,54123.0,133163340.0,38156137.0,15747.0,17168933.0,4561504.0,49271.0,129585557.0,35109974.0,89287.0,219968050.0,62520000.0,32326.0,35348697.0,9462411.0,95647.0,237709710.0,65437095.0,61631.0,157700937.0,44924817.0,26020.0,28643221.0,7715181.0,69057.0,167232343.0,46425672.0,24261.0,63186017.0,17992408.0,9118.0,10254069.0,2742843.0,23525.0,59795814.0,16410951.0,32104.0,80945523.0,23110221.0,10785.0,11859226.0,3180484.0,32597.0,81252526.0,22379052.0,34759.0,87095597.0,24882794.0,11914.0,13046861.0,3498476.0,35557.0,88297470.0,24311641.0,36320.0,91181180.0,25994809.0,12159.0,13271303.0,3558992.0,36881.0,92030777.0,25358788.0,34653.0,86521860.0,24724507.0,11898.0,12846196.0,3446724.0,35154.0,87425780.0,24083183.0,29662.0,72671047.0,20726867.0,11246.0,12019795.0,3226561.0,31367.0,76989149.0,21190096.0,27495.0,68842400.0,19537577.0,10742.0,11870272.0,3172943.0,28602.0,72046475.0,19781121.0
12,302,109825.0,249473297.0,68180681.0,18140.0,13515036.0,4047807.0,101905.0,233016619.0,71028917.0,7701.0,18624541.0,5041211.0,1253.0,902362.0,273307.0,5770.0,12787784.0,3929191.0,22380.0,50774428.0,13936694.0,2637.0,2055713.0,612409.0,16884.0,36799795.0,11078791.0,41301.0,94350658.0,25766084.0,6608.0,4931669.0,1474771.0,42193.0,98320482.0,29990515.0,38443.0,85723670.0,23436692.0,7642.0,5625292.0,1687320.0,37058.0,85108558.0,26030420.0,13065.0,30588665.0,8347553.0,2123.0,1591271.0,480658.0,12336.0,28807850.0,8800697.0,15537.0,35154156.0,9614941.0,2607.0,1919319.0,571009.0,14435.0,33029182.0,10040590.0,17092.0,38838406.0,10634103.0,2689.0,1998032.0,596326.0,15674.0,35978355.0,10938281.0,17322.0,39231116.0,10723952.0,2786.0,2062217.0,615480.0,16017.0,36717651.0,11178772.0,17013.0,38230889.0,10457572.0,2779.0,2101017.0,628366.0,15668.0,35416879.0,10787996.0,15484.0,34544771.0,9433841.0,2618.0,1918487.0,572560.0,14095.0,31538745.0,9616712.0,14312.0,32885294.0,8968719.0,2538.0,1924693.0,583408.0,13680.0,31527957.0,9665869.0
13,303,141619.0,339371410.0,93527571.0,31039.0,27211589.0,7768346.0,130108.0,308911137.0,91644258.0,7123.0,17918461.0,4939421.0,2070.0,1788947.0,515034.0,6284.0,14363800.0,4290965.0,41251.0,100795231.0,27941156.0,8468.0,7806656.0,2176144.0,33843.0,82304091.0,24195504.0,56677.0,135906838.0,37310002.0,10710.0,9387648.0,2698286.0,48511.0,117074432.0,34773813.0,36568.0,84750880.0,23336992.0,9791.0,8228338.0,2378882.0,41470.0,95168814.0,28383976.0,14214.0,33796841.0,9304842.0,3488.0,2927743.0,843364.0,13591.0,31761065.0,9456377.0,22026.0,53496402.0,14763833.0,4813.0,4252712.0,1212650.0,20413.0,49054072.0,14531798.0,23438.0,56541482.0,15580898.0,5005.0,4454648.0,1266185.0,21807.0,52481855.0,15539338.0,23737.0,57453697.0,15821803.0,4990.0,4436894.0,1261045.0,22024.0,52607661.0,15579323.0,23251.0,55845049.0,15425528.0,4861.0,4396396.0,1249905.0,21248.0,50796312.0,15059309.0,20221.0,47436913.0,13082908.0,4666.0,4058707.0,1161169.0,17717.0,41211242.0,12236561.0,14732.0,34801026.0,9547759.0,3216.0,2684489.0,774028.0,13308.0,30998930.0,9241552.0
14,304,85778.0,228606065.0,63224953.0,15783.0,12772239.0,4550186.0,72669.0,190749097.0,58346659.0,2168.0,5733667.0,1590777.0,649.0,530224.0,193411.0,3187.0,8766155.0,2678030.0,26697.0,66967883.0,18567198.0,4856.0,4219012.0,1482382.0,25604.0,67608896.0,20777030.0,37491.0,104490721.0,28783460.0,6140.0,4988238.0,1787107.0,27716.0,72605083.0,22181924.0,19422.0,51413794.0,14283518.0,4138.0,3034765.0,1087286.0,16162.0,41768963.0,12709675.0,6935.0,18424388.0,5113438.0,1566.0,1188117.0,421598.0,5902.0,15689924.0,4778304.0,14141.0,37839149.0,10457016.0,2343.0,1951268.0,695741.0,11829.0,31267108.0,9571055.0,15099.0,40586463.0,11201289.0,2603.0,2128241.0,757341.0,12662.0,33488138.0,10241647.0,15207.0,40586931.0,11221931.0,2685.0,2203872.0,786219.0,12794.0,33503508.0,10251883.0,14790.0,38977212.0,10791731.0,2635.0,2180582.0,773774.0,12551.0,32587883.0,9981926.0,12378.0,32664824.0,9039574.0,2431.0,1929609.0,688084.0,10531.0,27275348.0,8354797.0,7228.0,19527098.0,5399974.0,1520.0,1190550.0,427429.0,6400.0,16937188.0,5167047.0
15,305,89002.0,281928281.0,78636357.0,47763.0,56191258.0,16211894.0,93584.0,289950711.0,80436782.0,3221.0,10193519.0,2907729.0,2082.0,2459518.0,697283.0,5337.0,16207630.0,4480864.0,26927.0,90215220.0,24948710.0,8544.0,10828976.0,3134528.0,17087.0,51327438.0,14481597.0,35333.0,110530729.0,30843916.0,20291.0,23674655.0,6833090.0,40590.0,128273266.0,35473264.0,23521.0,70988813.0,19936002.0,16846.0,19228109.0,5546993.0,30570.0,94142377.0,26001057.0,9525.0,29792545.0,8317470.0,5873.0,6691954.0,1933110.0,10458.0,32140385.0,8871734.0,13490.0,43048957.0,12025426.0,7088.0,8372578.0,2416746.0,14397.0,44970623.0,12483721.0,14409.0,45899576.0,12813117.0,7213.0,8643420.0,2487200.0,15423.0,48441545.0,13467234.0,14731.0,47096259.0,13137328.0,7631.0,9078185.0,2625279.0,15807.0,49375311.0,13712577.0,14166.0,44974482.0,12544051.0,7168.0,8527857.0,2464247.0,14714.0,45595192.0,12678007.0,12148.0,38113307.0,10641422.0,6389.0,7546881.0,2175215.0,12415.0,37526897.0,10427792.0,10533.0,33003155.0,9157543.0,6401.0,7330383.0,2110097.0,10370.0,31900758.0,8795717.0
16,401,5576.0,20007582.0,5572959.0,799.0,301493.0,92263.0,5557.0,20383310.0,5988294.0,247.0,760873.0,212093.0,43.0,19303.0,5625.0,350.0,1200566.0,352493.0,1344.0,5562469.0,1551205.0,124.0,49465.0,15907.0,696.0,2302311.0,682138.0,2268.0,8081433.0,2246312.0,318.0,119747.0,36965.0,2468.0,9427917.0,2764468.0,1717.0,5602807.0,1563349.0,314.0,112978.0,33766.0,2043.0,7452516.0,2189195.0,772.0,2668089.0,744430.0,101.0,37083.0,11449.0,769.0,2711247.0,797454.0,869.0,3146096.0,874484.0,124.0,45805.0,14235.0,884.0,3275886.0,958799.0,836.0,3009300.0,838797.0,97.0,36187.0,10777.0,855.0,3272580.0,961592.0,853.0,3081313.0,856169.0,139.0,47664.0,14288.0,865.0,3262268.0,957074.0,840.0,3015534.0,839985.0,124.0,53080.0,16204.0,785.0,2916926.0,856388.0,710.0,2599003.0,723442.0,110.0,41491.0,12609.0,693.0,2515309.0,739983.0,696.0,2488247.0,695652.0,104.0,40183.0,12701.0,706.0,2429094.0,717004.0
17,402,1748.0,6808547.0,1856680.0,110.0,0.0,0.0,2051.0,7746226.0,2203034.0,90.0,320499.0,87248.0,5.0,0.0,0.0,199.0,761308.0,214756.0,320.0,1280639.0,348373.0,8.0,0.0,0.0,249.0,875608.0,244731.0,706.0,2711121.0,740558.0,47.0,0.0,0.0,933.0,3684353.0,1048664.0,632.0,2496288.0,680501.0,50.0,0.0,0.0,670.0,2424957.0,694883.0,293.0,1135370.0,309245.0,21.0,0.0,0.0,321.0,1238311.0,352562.0,250.0,985548.0,270392.0,11.0,0.0,0.0,296.0,1077142.0,306400.0,241.0,965074.0,263186.0,16.0,0.0,0.0,287.0,1108589.0,317446.0,243.0,930228.0,253447.0,13.0,0.0,0.0,319.0,1202099.0,341429.0,226.0,858815.0,234534.0,14.0,0.0,0.0,290.0,1069932.0,304354.0,243.0,925858.0,252393.0,15.0,0.0,0.0,257.0,975856.0,276427.0,252.0,1007654.0,273483.0,20.0,0.0,0.0,281.0,1074297.0,304416.0
18,403,,,,,,,,,,,,,,,,,,,,,,,,,,,,,,,,,,,,,,,,,,,,,,,,,,,,,,,,,,,,,,,,,,,,,,,,,,,,,,,,,,,,,,,,,,,,,,,,,,,,,,,,,,,,
19,404,15188.0,53917512.0,14828984.0,11637.0,11439111.0,3645911.0,14886.0,51697117.0,14990871.0,577.0,2013797.0,557847.0,650.0,649020.0,207382.0,799.0,2824169.0,820503.0,4204.0,16302673.0,4460985.0,2082.0,2059690.0,650269.0,2220.0,6505102.0,1875093.0,5877.0,20335468.0,5611955.0,4680.0,4610732.0,1465106.0,6721.0,24376201.0,7052347.0,4530.0,15265574.0,4198197.0,4225.0,4119669.0,1323154.0,5146.0,17991645.0,5242928.0,1869.0,6614531.0,1820195.0,1450.0,1407587.0,454022.0,1892.0,6453860.0,1885829.0,2346.0,8397575.0,2312473.0,1721.0,1688770.0,543178.0,2289.0,8153926.0,2365962.0,2388.0,8676590.0,2384670.0,1721.0,1732719.0,552260.0,2295.0,8241959.0,2377903.0,2482.0,8691975.0,2393281.0,1804.0,1758373.0,559331.0,2394.0,8442865.0,2442555.0,2279.0,8097104.0,2220560.0,1892.0,1888641.0,597132.0,2272.0,7603158.0,2202485.0,2010.0,7039207.0,1934042.0,1610.0,1598092.0,504404.0,1954.0,6701633.0,1939299.0,1814.0,6400530.0,1763763.0,1439.0,1364929.0,435584.0,1790.0,6099716.0,1776838.0
20,405,,,,,,,,,,,,,,,,,,,,,,,,,,,,,,,,,,,,,,,,,,,,,,,,,,,,,,,,,,,,,,,,,,,,,,,,,,,,,,,,,,,,,,,,,,,,,,,,,,,,,,,,,,,,
21,501,16422.0,70733319.0,19596237.0,13606.0,18808345.0,5301333.0,19224.0,80917782.0,22090772.0,677.0,3365674.0,948100.0,596.0,869121.0,242459.0,900.0,4084365.0,1109522.0,4406.0,19589866.0,5382927.0,2140.0,2915910.0,816913.0,3114.0,13379153.0,3648322.0,6929.0,29991886.0,8277842.0,5530.0,7823840.0,2206398.0,8733.0,36326873.0,9932342.0,4410.0,17785893.0,4987368.0,5340.0,7199474.0,2035563.0,6477.0,27127391.0,7400586.0,2064.0,8571001.0,2375156.0,2022.0,2851197.0,802855.0,2314.0,9624269.0,2629481.0,2417.0,10444860.0,2904677.0,1997.0,2786510.0,788750.0,3122.0,13355702.0,3648613.0,2623.0,11438072.0,3173233.0,1967.0,2728661.0,768350.0,3173.0,13565622.0,3698158.0,2678.0,11780848.0,3255429.0,1952.0,2618903.0,739991.0,3233.0,13530527.0,3688689.0,2413.0,10302110.0,2866710.0,1931.0,2632922.0,739838.0,2924.0,12320414.0,3363892.0,2118.0,9258943.0,2557258.0,1744.0,2382473.0,670580.0,2434.0,10165912.0,2778620.0,2109.0,8937485.0,2463774.0,1993.0,2807679.0,790969.0,2024.0,8355336.0,2283319.0
22,502,,,,,,,,,,,,,,,,,,,,,,,,,,,,,,,,,,,,,,,,,,,,,,,,,,,,,,,,,,,,,,,,,,,,,,,,,,,,,,,,,,,,,,,,,,,,,,,,,,,,,,,,,,,,
23,503,,,,,,,,,,,,,,,,,,,,,,,,,,,,,,,,,,,,,,,,,,,,,,,,,,,,,,,,,,,,,,,,,,,,,,,,,,,,,,,,,,,,,,,,,,,,,,,,,,,,,,,,,,,,
24,504,,,,,,,,,,,,,,,,,,,,,,,,,,,,,,,,,,,,,,,,,,,,,,,,,,,,,,,,,,,,,,,,,,,,,,,,,,,,,,,,,,,,,,,,,,,,,,,,,,,,,,,,,,,,
25,505,,,,,,,,,,,,,,,,,,,,,,,,,,,,,,,,,,,,,,,,,,,,,,,,,,,,,,,,,,,,,,,,,,,,,,,,,,,,,,,,,,,,,,,,,,,,,,,,,,,,,,,,,,,,
26,506,,,,,,,,,,,,,,,,,,,,,,,,,,,,,,,,,,,,,,,,,,,,,,,,,,,,,,,,,,,,,,,,,,,,,,,,,,,,,,,,,,,,,,,,,,,,,,,,,,,,,,,,,,,,
27,601,16915.0,54480049.0,14665928.0,4957.0,3993864.0,1288763.0,17009.0,55830425.0,15490639.0,904.0,3084947.0,850081.0,75.0,54502.0,17925.0,1053.0,3666315.0,1004337.0,2790.0,10184699.0,2677635.0,902.0,685835.0,222455.0,2629.0,8546585.0,2384310.0,7016.0,22246575.0,5984123.0,2126.0,1739282.0,560858.0,7729.0,25278791.0,7014439.0,6205.0,18963828.0,5154089.0,1854.0,1514245.0,487525.0,5598.0,18338734.0,5087553.0,2580.0,8131775.0,2202012.0,675.0,571961.0,183765.0,2538.0,8054905.0,2239350.0,2232.0,7390614.0,1983023.0,674.0,518153.0,167183.0,2234.0,7576075.0,2095677.0,2477.0,8047502.0,2163376.0,745.0,598659.0,194555.0,2449.0,8240102.0,2283071.0,2624.0,8588758.0,2310027.0,724.0,554859.0,179332.0,2632.0,8844871.0,2449546.0,2393.0,7829352.0,2110390.0,721.0,578784.0,186795.0,2435.0,7976912.0,2214085.0,2087.0,6725942.0,1807345.0,694.0,546270.0,176580.0,2095.0,6781095.0,1879516.0,2522.0,7766106.0,2089755.0,724.0,625178.0,200553.0,2626.0,8356465.0,2329394.0
28,602,30799.0,109515821.0,29741231.0,64590.0,72340606.0,21014211.0,29923.0,107544089.0,29403709.0,1616.0,5660610.0,1559703.0,2629.0,3048320.0,870447.0,2064.0,7954107.0,2187242.0,7448.0,25855752.0,6961692.0,15389.0,17262342.0,4919417.0,4632.0,16703034.0,4522884.0,13222.0,47586730.0,12911302.0,26027.0,29266137.0,8582770.0,13477.0,47574214.0,12972113.0,8513.0,30412729.0,8308534.0,20545.0,22763807.0,6641577.0,9750.0,35312734.0,9721470.0,4253.0,15429463.0,4204250.0,7709.0,8772574.0,2545473.0,4080.0,14915580.0,4095902.0,4429.0,15575792.0,4223329.0,9214.0,10355919.0,3011459.0,4409.0,16033637.0,4374773.0,4669.0,16616315.0,4509759.0,9833.0,11049704.0,3217657.0,4580.0,16397604.0,4473022.0,4768.0,16985109.0,4603617.0,10381.0,11542878.0,3345734.0,4564.0,16234372.0,4431859.0,4603.0,16113927.0,4380586.0,10064.0,11263166.0,3268028.0,4414.0,15550731.0,4250221.0,3897.0,13693796.0,3706946.0,9401.0,10455789.0,3038105.0,3887.0,13856920.0,3790636.0,4180.0,15101419.0,4112744.0,7988.0,8900576.0,2587755.0,3989.0,14555245.0,3987296.0
29,603,6040.0,22720926.0,6212434.0,5353.0,6594175.0,2030029.0,6959.0,25129602.0,7286471.0,263.0,993075.0,272631.0,236.0,313588.0,95066.0,650.0,2534682.0,732429.0,1779.0,6933910.0,1888724.0,640.0,809823.0,248765.0,681.0,2322605.0,672014.0,2445.0,9129357.0,2494919.0,2207.0,2707904.0,836426.0,3164.0,11289568.0,3277948.0,1553.0,5664584.0,1556160.0,2270.0,2762860.0,849772.0,2464.0,8982747.0,2604080.0,855.0,3196751.0,876646.0,967.0,1190616.0,367233.0,1103.0,4038619.0,1171144.0,861.0,3298687.0,898928.0,710.0,891789.0,273385.0,1029.0,3661336.0,1060277.0,864.0,3283342.0,899450.0,675.0,825897.0,254372.0,1029.0,3837912.0,1110663.0,919.0,3491649.0,953470.0,690.0,838632.0,257426.0,986.0,3533943.0,1024406.0,881.0,3255661.0,886620.0,727.0,897216.0,276550.0,1008.0,3593125.0,1041146.0,758.0,2768060.0,757470.0,667.0,813065.0,250966.0,802.0,2863412.0,830580.0,902.0,3426776.0,939850.0,917.0,1136960.0,350097.0,1002.0,3601255.0,1048255.0
30,701,13329.0,39564605.0,10982651.0,27706.0,27492701.0,7631103.0,14757.0,43181263.0,11273711.0,861.0,2478609.0,708771.0,1337.0,1388222.0,386473.0,743.0,2506067.0,654551.0,1770.0,5809954.0,1579098.0,5395.0,5549205.0,1514418.0,4324.0,10485667.0,2750454.0,6425.0,18337973.0,5070083.0,11637.0,11638825.0,3232778.0,6100.0,18709671.0,4881554.0,4273.0,12938069.0,3624699.0,9337.0,8916449.0,2497434.0,3590.0,11479858.0,2987152.0,1712.0,5348467.0,1491178.0,3227.0,3180208.0,883087.0,1885.0,5828318.0,1520667.0,2027.0,5914432.0,1643032.0,3952.0,3916988.0,1086791.0,2202.0,6389486.0,1670822.0,2067.0,5915530.0,1639033.0,4125.0,4068116.0,1129208.0,2308.0,6686202.0,1746509.0,2077.0,6020282.0,1667577.0,4314.0,4287958.0,1192281.0,2318.0,6688005.0,1750197.0,2001.0,5808749.0,1609249.0,4136.0,4128767.0,1143579.0,2281.0,6570246.0,1716970.0,1795.0,5201944.0,1448679.0,4122.0,4138999.0,1148787.0,1973.0,5628253.0,1466701.0,1650.0,5355201.0,1483903.0,3830.0,3771665.0,1047370.0,1790.0,5390753.0,1401845.0
31,702,5504.0,14917834.0,3792779.0,5436.0,3482910.0,952237.0,4761.0,13933621.0,4230940.0,194.0,606262.0,156090.0,140.0,87485.0,23954.0,418.0,1272859.0,383621.0,1396.0,3561901.0,886248.0,1206.0,768895.0,195457.0,751.0,2144789.0,643137.0,2358.0,6366043.0,1623417.0,2167.0,1407411.0,386028.0,1918.0,5565236.0,1692679.0,1556.0,4383628.0,1127024.0,1923.0,1219119.0,346798.0,1674.0,4950737.0,1511503.0,677.0,1948055.0,494018.0,652.0,403727.0,109134.0,677.0,1930803.0,589126.0,843.0,2278760.0,585627.0,793.0,526374.0,147396.0,747.0,2287006.0,692596.0,845.0,2219119.0,564181.0,771.0,512008.0,140731.0,711.0,2041534.0,618919.0,883.0,2434319.0,617965.0,940.0,585502.0,159810.0,723.0,2198827.0,662178.0,815.0,2106387.0,533912.0,847.0,550407.0,147659.0,684.0,1926744.0,587732.0,727.0,1867669.0,473468.0,759.0,474726.0,132213.0,588.0,1630221.0,500963.0,714.0,2063525.0,523608.0,674.0,430166.0,115294.0,631.0,1918486.0,579426.0
32,703,,,,,,,,,,,,,,,,,,,,,,,,,,,,,,,,,,,,,,,,,,,,,,,,,,,,,,,,,,,,,,,,,,,,,,,,,,,,,,,,,,,,,,,,,,,,,,,,,,,,,,,,,,,,
33,704,,,,,,,,,,,,,,,,,,,,,,,,,,,,,,,,,,,,,,,,,,,,,,,,,,,,,,,,,,,,,,,,,,,,,,,,,,,,,,,,,,,,,,,,,,,,,,,,,,,,,,,,,,,,
34,801,,,,,,,,,,,,,,,,,,,,,,,,,,,,,,,,,,,,,,,,,,,,,,,,,,,,,,,,,,,,,,,,,,,,,,,,,,,,,,,,,,,,,,,,,,,,,,,,,,,,,,,,,,,,
