,base_to_comp_sun_morning,base_to_comp_sun_day,base_to_comp_sun_evening,base_to_comp_sun_night,base_to_comp_mon_morning,base_to_comp_mon_day,base_to_comp_mon_evening,base_to_comp_mon_night,base_to_comp_tue_morning,base_to_comp_tue_day,base_to_comp_tue_evening,base_to_comp_tue_night,base_to_comp_wed_morning,base_to_comp_wed_day,base_to_comp_wed_evening,base_to_comp_wed_night,base_to_comp_thu_morning,base_to_comp_thu_day,base_to_comp_thu_evening,base_to_comp_thu_night,base_to_comp_fri_morning,base_to_comp_fri_day,base_to_comp_fri_evening,base_to_comp_fri_night,base_to_comp_sat_morning,base_to_comp_sat_day,base_to_comp_sat_evening,base_to_comp_sat_night,comp_to_base_sun_morning,comp_to_base_sun_day,comp_to_base_sun_evening,comp_to_base_sun_night,comp_to_base_mon_morning,comp_to_base_mon_day,comp_to_base_mon_evening,comp_to_base_mon_night,comp_to_base_tue_morning,comp_to_base_tue_day,comp_to_base_tue_evening,comp_to_base_tue_night,comp_to_base_wed_morning,comp_to_base_wed_day,comp_to_base_wed_evening,comp_to_base_wed_night,comp_to_base_thu_morning,comp_to_base_thu_day,comp_to_base_thu_evening,comp_to_base_thu_night,comp_to_base_fri_morning,comp_to_base_fri_day,comp_to_base_fri_evening,comp_to_base_fri_night,comp_to_base_sat_morning,comp_to_base_sat_day,comp_to_base_sat_evening,comp_to_base_sat_night
0,11.82,67.98,27.71,17.88,65.85,61.82,8.99,5.8,106.93,167.3,36.78,2.81,197.97,83.8,46.78,2.33,144.49,216.12,40.83,10.55,102.99,84.29,19.26,2.49,47.95,86.34,38.24,8.43,9.1,40.29,91.0,35.27,13.29,96.42,105.15,6.71,43.2,111.98,135.34,3.54,15.12,137.29,78.96,4.59,26.03,98.7,87.84,6.49,56.2,81.56,73.61,5.84,35.12,53.4,61.14,14.2
1,12.27,85.95,38.88,9.47,45.53,82.03,46.28,7.35,51.4,59.2,39.91,5.64,73.98,62.28,38.13,5.44,112.89,32.0,51.72,11.99,75.41,53.91,62.15,8.61,44.02,108.74,47.6,9.95,20.17,93.31,51.85,39.72,32.45,123.67,50.94,7.59,34.87,65.65,61.01,8.46,39.27,123.5,92.99,11.75,40.27,110.85,44.44,16.63,40.44,109.42,59.73,14.44,30.67,98.81,50.49,23.75
2,28.23,99.33,16.06,3.35,102.62,48.02,51.52,5.09,148.56,65.29,12.66,10.12,138.95,50.73,25.82,4.67,202.5,42.09,16.04,10.07,106.18,87.62,18.91,3.99,35.21,61.31,46.37,12.47,9.05,40.17,45.56,62.38,56.87,68.27,106.45,8.44,7.92,52.74,194.88,3.42,9.83,73.72,79.6,6.42,10.62,75.91,70.88,6.93,6.92,135.29,109.68,8.98,16.94,41.9,129.84,25.77
3,12.1,27.37,13.82,1.65,11.47,15.74,10.05,1.62,20.48,27.75,7.18,2.4,14.81,23.52,11.5,2.19,20.43,22.61,6.23,1.63,16.65,20.3,13.35,1.31,22.87,35.52,8.57,2.2,3.24,14.6,18.4,8.49,3.09,36.45,28.46,3.62,4.91,25.98,25.15,2.53,8.15,32.24,26.37,3.47,4.94,21.61,26.98,3.68,2.64,22.76,18.64,3.12,4.25,16.89,21.01,7.39
4,3.43,5.88,0.87,1.6,5.27,4.7,1.31,0.4,7.62,1.25,0.7,2.83,5.77,12.62,2.12,0.4,5.81,5.27,6.05,0.06,3.19,6.21,0.66,0.86,2.05,6.21,3.99,0.07,0.16,2.53,2.65,1.74,3.14,14.75,3.75,0.96,1.12,5.21,5.6,0.57,0.22,6.73,8.02,0.22,1.01,8.35,7.33,0.4,0.86,2.67,2.63,0.79,0.35,2.78,6.87,1.63
5,9.57,22.13,9.75,2.91,22.27,14.0,14.39,3.17,29.84,19.62,15.44,2.99,30.34,21.54,26.88,2.8,27.35,31.45,10.73,2.12,19.39,18.51,9.21,1.51,13.02,29.27,10.32,2.25,4.09,14.12,13.77,4.71,8.4,41.54,16.93,2.14,9.24,28.2,14.32,2.27,10.02,33.06,22.52,3.63,8.2,32.22,18.47,2.38,6.92,28.34,13.23,3.87,7.67,9.8,19.13,4.98
6,3.28,16.58,9.97,2.24,8.6,21.62,12.81,1.45,11.82,26.16,18.03,1.45,10.42,31.99,19.28,1.19,13.56,25.78,9.58,0.77,8.53,20.79,7.94,1.28,6.49,11.9,10.03,1.22,4.56,11.71,13.43,3.4,14.49,20.27,13.42,1.59,10.7,20.38,13.25,1.54,11.24,28.58,13.19,2.5,7.06,29.24,10.09,1.52,4.78,25.13,6.55,1.5,6.15,7.54,12.71,2.47
7,53.03,208.95,123.51,32.17,96.71,236.95,156.8,12.53,130.07,210.36,170.52,14.21,107.63,224.33,179.42,16.86,101.03,241.95,168.48,19.86,94.56,266.2,121.91,15.45,91.49,168.59,110.83,37.3,52.01,194.06,157.4,43.61,122.01,193.26,174.57,12.01,119.82,206.11,172.59,11.19,129.87,245.48,159.97,17.97,121.4,204.12,146.97,14.74,91.49,236.46,131.78,16.53,67.87,153.59,109.98,33.57
8,62.92,181.05,133.01,35.92,221.9,249.62,194.08,19.02,267.83,202.81,192.45,16.18,242.39,254.01,189.63,22.01,215.9,238.05,169.55,17.01,174.48,217.71,131.84,20.42,97.37,228.18,119.39,38.61,55.59,225.28,126.58,61.21,167.74,347.95,206.79,13.95,151.52,328.02,207.21,15.48,121.52,357.25,208.76,21.14,121.66,296.07,197.4,20.64,112.1,241.18,131.65,19.75,71.92,199.81,130.28,38.31
9,16.0,58.83,15.97,3.16,39.3,26.9,17.35,1.76,50.86,23.66,11.96,4.02,45.67,30.9,13.02,2.38,59.85,30.21,8.47,2.6,36.05,29.85,13.02,2.21,28.36,71.88,15.41,3.58,8.41,20.64,22.11,43.23,11.95,91.3,53.76,8.48,8.3,45.85,51.38,3.26,11.29,73.76,42.71,6.93,10.86,59.42,40.79,8.28,6.12,25.26,35.22,8.17,10.08,37.05,33.48,21.3
10,5.03,12.12,9.73,3.63,8.18,15.43,10.84,1.48,11.16,11.65,9.8,2.03,8.91,13.39,13.94,3.2,14.5,16.61,9.19,0.21,7.67,15.79,10.91,1.06,8.79,21.77,7.46,1.33,4.62,7.33,14.46,12.4,2.75,21.7,16.22,1.91,4.15,10.06,14.78,1.79,6.94,11.11,14.53,3.56,7.42,17.36,10.96,3.14,3.94,9.99,13.09,4.39,2.73,11.64,18.65,7.01
11,6.46,18.66,6.94,1.38,31.69,12.21,11.04,1.27,41.15,12.35,7.22,2.29,34.25,16.93,10.17,1.73,44.28,15.76,3.77,1.13,22.76,14.05,8.11,0.68,5.66,27.25,7.26,1.15,4.0,14.19,10.4,13.41,6.85,40.68,20.78,2.45,7.08,35.11,23.63,2.37,5.03,23.93,21.88,2.71,6.77,27.08,22.65,5.62,4.18,20.05,12.06,3.37,3.68,11.21,19.17,9.53
12,9.1,33.51,18.77,3.46,31.42,30.87,24.88,7.92,34.83,30.71,25.29,5.0,36.86,35.99,16.69,5.12,39.44,32.49,16.01,5.55,21.72,34.99,18.95,3.53,16.66,30.21,21.71,4.23,7.22,30.01,20.35,7.89,15.8,60.65,30.35,3.98,18.77,47.14,31.13,2.87,15.82,61.79,30.17,3.58,13.4,49.03,29.47,2.67,11.15,47.65,26.77,4.9,8.13,23.38,23.12,8.13
13,10.18,24.73,18.53,4.37,24.37,35.62,24.83,1.32,17.25,45.01,29.87,3.43,22.07,38.71,35.08,2.87,24.07,32.27,14.29,2.03,18.06,29.14,19.12,2.29,15.84,31.6,20.0,1.73,7.9,23.75,16.41,8.18,18.07,48.75,27.84,3.69,16.21,37.76,32.01,3.52,20.2,46.41,31.42,4.59,16.01,41.45,28.04,4.17,14.24,38.05,14.37,4.05,12.44,23.49,23.34,5.76
14,26.93,114.2,68.18,23.97,54.39,82.7,68.02,6.87,59.12,85.82,70.61,6.95,51.8,87.29,68.9,8.87,51.37,79.55,75.69,7.34,46.1,92.63,58.21,6.9,27.11,80.15,75.3,17.3,21.33,118.38,68.97,20.9,36.54,79.02,76.22,4.76,51.46,98.46,69.07,5.17,42.11,86.5,89.1,8.55,45.75,92.25,72.87,8.14,43.34,85.74,53.96,5.61,27.47,84.0,63.27,18.81
15,32.21,162.33,90.4,30.76,58.24,141.55,111.48,11.16,56.77,174.29,87.66,8.27,59.66,197.32,120.04,15.16,51.92,174.81,94.99,14.96,61.92,183.72,81.83,14.37,34.63,167.59,88.59,21.68,25.62,185.05,89.88,31.44,100.38,136.49,104.98,8.48,113.02,140.8,96.67,5.56,126.79,148.9,117.33,8.5,71.16,124.79,113.43,10.27,103.3,137.97,83.1,10.41,46.76,133.15,79.09,20.21
16,6.05,39.52,26.99,3.75,13.98,38.49,20.64,3.17,12.36,46.07,26.4,2.12,7.66,36.41,24.59,1.92,12.27,27.11,18.97,2.55,7.35,33.01,15.08,3.32,11.01,24.68,17.86,3.84,8.73,20.26,18.68,6.21,16.64,25.21,21.69,2.67,18.0,21.21,21.42,2.82,17.98,28.47,23.63,2.78,13.52,28.52,24.67,2.72,10.52,27.56,17.71,4.09,7.87,27.87,17.74,5.85
17,4.74,13.51,18.58,1.81,11.11,21.31,18.39,2.69,6.44,27.36,15.66,2.49,8.68,21.36,20.78,1.75,10.98,16.14,17.46,1.48,5.41,14.72,9.38,2.09,4.55,20.22,12.52,1.32,3.99,19.67,15.68,1.42,9.0,27.55,19.42,2.82,3.98,25.06,16.77,1.91,13.36,20.37,14.85,2.69,8.89,22.42,19.24,5.94,10.11,19.07,10.68,3.92,8.16,19.51,16.82,3.85
18,3.3,11.91,8.84,1.4,7.74,10.44,15.0,2.08,7.41,10.13,3.49,1.62,8.95,6.62,11.61,0.58,8.61,18.94,5.0,0.09,7.54,9.47,5.39,0.49,6.36,7.29,4.89,3.2,4.95,10.08,10.2,3.79,3.13,11.44,14.14,1.88,1.44,18.77,7.35,1.15,3.4,13.51,11.98,1.81,1.62,11.14,13.1,1.43,2.36,15.57,6.9,2.08,8.46,9.28,8.46,1.89
19,13.88,34.03,26.55,7.64,29.78,48.44,33.11,4.24,23.3,53.4,36.35,3.46,24.04,40.21,26.63,3.97,24.71,26.28,29.47,7.4,14.64,38.43,28.53,3.94,25.08,48.26,31.07,5.71,10.38,40.42,30.22,11.82,19.4,54.07,42.39,5.03,10.06,44.05,38.18,5.88,12.1,68.5,51.24,6.53,9.55,58.34,41.41,8.51,15.59,36.44,32.05,7.46,15.86,57.52,34.28,13.69
20,18.92,93.4,53.84,8.34,19.86,89.77,79.16,7.4,24.19,102.08,67.19,6.53,20.38,73.4,57.94,8.6,33.0,84.76,45.77,12.26,18.8,64.4,55.03,7.96,31.04,88.84,66.52,10.05,27.56,93.31,62.25,12.92,39.27,61.74,61.14,6.47,32.08,51.95,47.36,3.96,47.05,75.88,41.67,5.51,32.94,53.48,52.65,10.83,33.9,62.86,37.02,9.01,38.0,92.57,55.71,8.86
21,4.51,7.67,10.21,2.38,6.97,7.67,1.18,0.95,7.28,9.65,1.94,1.31,6.68,9.14,7.52,0.35,9.12,9.1,7.02,0.29,3.05,3.76,8.13,1.17,1.62,3.13,4.37,0.44,2.55,5.51,11.18,1.12,5.14,12.1,11.85,1.53,1.87,5.64,5.19,0.29,5.17,12.36,12.05,2.03,0.93,16.59,5.91,1.54,3.98,6.53,4.01,1.35,3.62,16.68,4.56,1.07
22,3.87,34.5,24.36,0.6,5.41,24.88,7.42,2.54,4.28,24.54,7.71,1.39,3.29,12.18,15.66,1.54,9.18,29.9,14.82,0.98,6.24,13.29,20.26,1.07,6.46,6.98,7.97,1.31,4.54,20.43,18.82,2.18,2.96,27.2,14.36,1.68,3.38,10.39,11.02,0.8,10.11,12.94,9.95,2.21,3.55,19.92,12.51,3.88,5.89,12.7,12.8,2.48,8.67,13.76,11.53,2.04
23,14.89,93.6,4.16,1.27,151.45,184.82,9.76,7.42,137.62,134.78,34.42,2.46,122.34,172.5,15.43,1.16,158.4,138.98,12.53,6.64,103.68,147.8,39.64,3.89,36.14,51.91,44.36,11.8,14.06,70.51,49.64,82.9,65.9,97.42,53.06,11.12,86.12,152.77,109.7,4.03,72.22,201.43,40.54,10.58,106.37,162.37,32.26,12.19,94.88,133.03,27.59,9.38,16.47,68.58,64.5,43.8
24,53.53,229.55,72.95,14.32,128.31,182.43,55.94,9.1,170.08,171.7,72.82,3.76,117.99,210.69,40.54,8.52,161.74,250.72,122.3,13.73,185.13,235.14,112.07,10.1,37.85,179.4,150.29,8.34,25.73,207.44,124.59,55.23,44.96,332.35,126.94,18.22,43.95,330.44,146.69,15.99,71.8,206.46,182.68,15.92,43.87,253.61,114.92,26.5,61.12,220.13,52.89,17.61,34.77,146.86,139.5,34.83
25,41.54,54.15,8.96,30.33,115.53,156.33,39.85,10.62,102.88,72.27,44.12,6.89,66.85,35.49,51.4,2.16,123.16,64.47,16.29,11.62,138.81,35.87,11.67,6.63,45.94,97.22,26.56,23.94,14.41,79.14,48.51,76.64,100.0,205.04,111.77,6.44,14.88,77.76,99.55,1.03,14.22,88.48,107.75,7.58,18.61,91.53,93.81,11.6,47.52,141.96,11.12,9.01,22.88,38.11,44.39,41.41
26,12.14,12.56,0.84,0.17,14.57,30.28,4.27,0.61,22.35,9.73,2.72,0.9,12.48,13.36,9.89,0.43,9.66,3.57,2.38,1.39,13.98,5.58,2.41,0.53,13.04,30.18,1.39,0.55,0.58,3.78,7.05,2.83,3.55,7.72,10.13,1.28,7.39,8.46,13.86,0.24,6.99,23.71,12.64,1.0,5.9,8.8,7.97,1.76,2.23,19.97,10.95,0.67,0.97,10.49,19.12,1.8
27,0.51,1.03,2.28,0.1,12.79,4.76,1.17,0.3,8.06,4.28,0.72,0.58,9.78,9.96,1.08,0.06,6.8,1.0,0.5,0.05,0.98,1.47,0.46,0.48,2.32,3.79,0.5,0.13,0.11,2.1,0.26,4.88,0.22,4.79,6.92,0.15,6.09,4.19,3.07,0.41,1.58,9.3,6.0,0.86,5.77,7.83,4.22,0.67,1.17,5.57,0.33,0.07,0.24,0.22,3.09,0.89
28,3.13,4.96,0.71,0.99,14.37,20.59,1.69,0.75,21.87,5.33,1.38,1.07,10.43,3.53,4.33,0.78,6.32,3.56,1.03,0.71,4.32,2.22,1.18,0.99,5.27,12.0,0.94,0.62,0.76,4.3,1.63,2.63,14.89,15.87,3.15,0.3,19.27,12.13,4.02,0.28,15.89,22.64,5.99,1.44,12.23,6.54,3.92,1.45,2.96,5.99,5.67,1.37,0.75,1.9,1.36,3.44
29,1.36,1.5,2.37,0.46,7.13,7.22,1.07,0.33,2.49,6.65,2.39,0.47,5.83,2.57,2.4,0.27,1.65,5.27,1.31,0.09,1.94,3.06,0.42,0.56,1.36,8.16,1.9,0.49,0.28,1.99,1.26,2.65,3.84,6.81,1.77,0.28,10.21,2.19,1.37,0.49,1.59,2.99,1.05,0.17,2.11,3.12,2.53,0.29,3.24,0.77,0.47,0.1,0.31,4.22,1.19,0.37
30,12.11,30.51,27.27,5.22,21.33,40.18,27.06,3.27,20.51,36.82,30.65,2.78,20.64,40.67,25.52,3.17,14.2,34.91,28.1,6.92,13.8,30.03,29.64,3.17,14.55,35.17,34.64,3.71,7.63,44.59,22.06,9.73,16.01,45.58,34.35,4.17,19.15,32.32,27.03,2.27,16.39,39.8,24.16,1.77,15.7,44.84,23.55,4.67,11.05,35.98,19.61,4.31,14.48,37.36,15.87,7.18
31,4.93,19.42,15.62,3.11,22.14,16.04,8.29,4.88,21.83,23.24,12.71,2.57,18.46,15.87,17.08,2.75,17.45,23.36,18.42,4.7,17.71,13.03,8.45,4.5,8.04,16.61,8.57,2.31,4.06,18.52,10.25,4.0,8.09,40.55,13.82,2.41,9.34,53.28,16.23,0.68,11.35,49.5,13.43,2.22,7.78,45.61,16.25,1.82,6.7,39.41,18.06,2.66,4.98,16.03,12.7,1.9
32,11.85,23.34,7.6,1.4,12.57,24.99,10.83,0.92,37.2,25.45,7.01,2.29,23.12,16.11,10.47,0.7,24.5,28.29,5.39,1.22,15.85,16.77,5.21,1.99,20.29,25.65,9.59,1.18,2.27,11.47,7.91,42.72,8.07,44.76,18.07,5.22,9.05,30.0,26.15,2.27,12.25,44.54,21.78,5.57,11.83,33.75,22.87,5.69,5.39,28.16,6.99,3.69,2.68,12.4,15.52,14.32
33,0.85,5.69,2.08,1.05,8.95,9.65,4.24,0.54,12.53,8.8,2.06,1.73,11.36,5.93,4.25,1.24,6.97,6.25,3.35,0.04,3.94,4.54,1.5,0.63,2.84,10.53,1.8,0.26,0.87,3.26,2.3,3.87,3.89,9.93,7.62,0.88,7.0,9.12,7.34,1.01,7.62,8.64,4.06,0.9,6.62,7.78,5.99,1.63,2.26,6.49,5.64,2.43,1.03,2.07,2.09,1.88
34,1.18,4.32,3.77,0.72,14.44,13.58,4.95,0.81,26.54,12.96,4.37,1.2,10.93,11.61,4.1,0.96,10.41,10.96,1.42,0.6,12.85,4.21,4.75,1.31,3.03,16.78,5.14,0.92,1.11,8.68,8.01,6.23,14.2,22.62,10.86,1.06,16.79,18.2,9.09,1.0,15.49,23.97,15.92,0.85,16.9,9.95,8.67,2.89,3.94,16.51,5.11,1.71,1.55,4.91,4.73,5.4
35,2.67,12.58,8.72,1.97,13.82,12.01,4.96,2.9,23.3,18.19,6.53,2.34,17.24,14.92,8.52,1.74,12.51,9.22,9.58,1.88,13.31,8.15,6.71,1.79,6.29,18.87,6.54,1.12,2.41,13.79,10.72,2.62,16.6,29.4,12.37,1.52,19.93,38.72,10.12,0.78,17.84,36.22,13.32,2.7,18.01,23.57,12.81,1.49,5.21,20.25,8.62,2.48,2.09,11.38,7.74,1.84
36,5.26,20.44,15.17,3.54,16.65,27.05,11.64,0.96,22.6,19.77,12.08,1.62,18.28,17.34,16.88,2.0,16.87,18.96,10.79,1.91,11.38,12.99,5.98,0.88,9.91,22.81,19.02,1.59,5.37,22.0,14.24,3.53,9.62,31.87,22.34,1.75,13.04,34.92,19.01,1.78,16.99,41.13,23.66,2.83,15.07,22.93,11.42,4.12,7.51,33.82,11.37,2.71,7.38,11.87,15.19,5.64
37,8.18,24.81,18.48,7.14,22.04,33.09,26.06,2.68,22.36,33.06,23.11,3.23,13.1,37.01,21.01,4.12,18.49,23.21,22.64,5.04,16.28,28.42,16.61,3.29,10.19,19.56,10.56,8.08,6.98,19.37,19.06,8.34,17.17,26.49,17.97,2.61,12.06,34.45,20.47,2.65,18.86,55.51,21.69,3.48,21.75,26.23,17.25,3.98,19.45,21.62,17.93,3.1,11.53,22.94,11.25,8.24
38,17.27,78.16,73.25,23.68,40.39,56.58,89.04,7.02,53.07,68.4,65.86,3.16,47.79,86.61,115.67,7.41,59.7,93.32,97.2,7.51,44.96,104.81,77.97,8.98,26.19,75.12,77.13,13.91,20.53,90.0,45.16,21.28,70.77,92.37,63.46,8.8,74.58,68.55,72.45,5.48,97.08,85.66,75.87,9.38,48.8,66.61,81.87,11.07,87.76,83.66,58.12,9.34,19.48,58.21,58.08,17.46
39,6.7,25.8,15.79,5.62,18.98,30.89,29.57,2.43,22.59,32.24,17.06,2.93,18.97,29.78,22.51,4.18,21.01,26.6,18.02,5.71,14.22,19.66,14.45,2.43,10.39,21.23,19.69,6.12,8.01,26.84,21.59,9.55,18.78,32.28,20.62,2.09,17.33,43.14,18.47,2.09,22.84,45.16,22.99,3.03,22.4,34.01,23.45,3.46,21.72,30.18,20.6,3.17,9.01,31.86,17.64,7.19
40,3.93,11.68,11.54,2.74,14.64,23.21,12.63,2.71,16.58,21.81,14.57,1.79,12.47,17.58,15.12,2.1,12.17,23.24,14.18,1.59,8.57,8.24,10.32,1.52,8.42,32.72,10.66,1.83,3.42,25.1,8.12,1.63,8.81,20.57,19.08,4.1,10.14,29.18,15.02,1.33,7.9,34.06,9.82,3.87,10.43,20.63,15.83,3.98,5.79,15.0,10.71,4.85,8.16,16.88,12.54,1.91
41,3.3,9.05,8.18,1.83,10.24,9.28,4.08,1.75,6.94,13.81,6.14,0.82,12.39,15.14,5.14,0.27,6.62,9.32,4.58,0.04,7.02,9.25,4.72,1.43,6.86,12.87,5.5,1.61,1.71,11.2,10.61,7.1,1.18,15.96,9.57,1.67,2.54,14.29,10.03,1.05,1.22,13.6,11.68,2.26,1.64,11.39,7.26,1.54,1.0,11.38,8.15,1.7,2.76,12.73,8.9,3.35
42,20.94,80.27,51.03,13.5,31.22,56.23,51.48,6.57,48.22,68.66,55.42,3.61,29.31,63.49,42.02,7.28,26.96,67.51,51.5,13.22,32.41,54.69,51.88,7.0,29.73,74.64,57.63,12.91,12.31,95.65,37.12,25.93,20.89,92.41,60.29,6.31,23.03,91.08,51.87,5.98,23.7,113.32,54.47,8.3,27.55,72.97,46.34,5.9,20.96,72.15,34.28,9.14,26.87,53.1,49.39,17.72
43,3.5,4.6,9.81,4.6,4.9,25.67,13.32,1.63,3.12,27.13,6.48,0.85,4.01,9.37,17.88,2.31,5.73,6.86,8.44,4.12,8.13,12.6,11.37,1.51,7.15,31.63,10.69,2.78,5.17,19.6,12.6,2.6,9.61,21.55,18.37,3.05,6.01,19.08,13.89,0.49,9.02,28.43,11.31,1.03,7.0,15.73,9.46,1.99,8.81,11.62,9.85,3.87,11.27,20.61,16.17,2.73
44,2.98,3.79,0.37,0.49,4.64,6.31,1.12,0.93,3.57,11.18,1.23,0.22,3.88,1.23,0.96,0.52,4.08,3.5,0.66,0.12,2.53,3.79,0.54,0.83,2.52,7.08,2.35,0.8,0.75,1.07,1.17,1.08,0.15,7.65,3.44,0.43,1.29,6.06,5.14,0.18,1.96,13.62,4.67,1.22,0.51,5.09,5.17,0.29,1.22,5.74,2.58,0.55,1.06,5.01,3.29,0.43
45,0.36,1.25,0.91,0.17,4.02,2.0,1.45,0.8,0.66,3.34,1.67,0.24,1.49,1.38,2.31,0.56,0.93,2.05,1.2,0.06,2.6,1.38,0.88,0.32,0.81,1.55,0.68,0.17,0.49,1.98,3.14,0.68,0.81,4.03,1.93,0.29,0.73,5.31,4.15,0.02,0.73,5.54,1.84,0.76,0.28,4.22,4.67,0.24,0.58,1.42,0.79,0.68,0.56,1.36,1.1,0.28
46,15.98,103.79,8.79,2.64,190.54,181.98,13.24,8.09,187.94,132.9,38.09,6.32,128.31,203.11,14.25,5.69,189.72,132.1,14.14,6.01,96.03,141.07,54.53,5.93,40.53,102.01,24.36,5.58,18.2,70.81,72.74,73.78,66.44,181.88,67.64,12.05,72.89,178.8,110.31,4.35,87.46,193.21,67.26,14.64,104.96,187.91,98.84,13.8,94.84,125.64,77.91,12.05,21.03,54.43,89.52,40.02
47,56.71,197.87,89.38,15.7,168.87,198.56,60.7,10.31,186.05,185.63,91.35,6.45,104.28,244.09,60.43,9.65,142.14,258.61,128.93,11.91,153.81,224.65,127.56,10.72,43.51,197.03,149.99,10.01,28.52,207.94,134.44,51.23,40.15,322.6,123.27,18.62,32.97,332.26,161.99,15.96,37.53,227.53,186.99,14.43,32.06,255.37,128.17,25.54,40.24,223.21,57.22,17.7,34.94,150.03,192.13,34.19
48,31.3,93.23,10.79,30.73,146.13,164.99,70.82,9.68,113.26,84.31,50.12,9.43,80.3,51.09,52.1,5.19,121.12,66.19,19.78,10.2,124.56,86.5,30.32,6.36,41.44,105.53,10.61,23.77,18.19,72.72,45.34,35.42,102.6,262.18,118.05,2.13,19.11,94.41,96.27,1.29,17.98,88.46,100.81,5.49,11.07,131.36,133.97,14.06,47.76,149.02,67.95,9.64,27.83,17.63,87.83,36.18
49,11.23,15.77,2.46,0.45,21.53,39.05,4.67,0.82,33.35,22.34,7.08,1.19,24.77,16.71,10.15,0.41,21.04,11.25,1.8,0.15,14.38,15.2,2.52,0.67,16.68,32.8,2.23,0.52,2.36,8.2,16.15,8.62,5.0,18.86,15.66,2.19,9.94,16.3,18.95,0.4,7.3,26.4,39.1,2.03,9.72,9.76,13.29,1.96,2.72,22.49,9.89,1.79,1.14,10.79,19.26,1.78
50,0.53,1.53,0.53,0.25,12.96,5.04,0.95,0.65,9.06,5.59,0.72,0.92,10.99,9.04,1.21,0.16,9.92,5.5,0.6,0.07,1.57,1.71,0.71,0.29,2.61,4.32,1.04,0.26,0.66,2.29,1.92,6.95,1.24,7.23,8.48,0.22,2.86,4.08,6.04,0.61,6.44,9.5,6.24,0.73,6.07,6.4,4.05,1.03,1.15,6.17,0.73,0.41,0.34,0.22,3.44,1.21
51,2.31,4.68,2.39,1.41,20.8,25.11,2.44,1.13,26.89,13.27,4.18,0.96,21.68,3.63,5.88,0.99,10.8,8.3,1.17,0.69,5.01,10.46,1.76,1.13,6.25,8.6,1.97,0.3,1.29,5.33,2.74,4.6,15.53,67.89,5.11,0.4,23.97,15.96,5.89,0.42,8.25,22.76,8.42,1.77,13.11,7.24,7.95,1.76,3.35,14.52,6.13,1.35,1.51,2.82,3.19,3.04
52,1.49,2.26,2.54,0.6,8.63,13.42,2.53,0.35,5.15,12.75,0.94,0.54,6.64,2.81,2.43,0.11,2.91,3.69,0.67,0.15,3.07,3.42,0.92,0.49,1.59,8.68,1.89,0.55,0.78,1.79,1.55,2.1,6.05,8.64,3.54,0.29,9.4,1.99,1.26,0.54,1.96,2.96,1.29,0.43,3.14,3.7,2.86,0.91,3.12,1.37,0.63,0.51,1.26,1.21,2.02,0.78
53,12.06,33.56,24.03,5.64,22.76,42.07,26.82,4.09,18.33,39.09,29.26,2.63,21.91,39.87,25.4,2.84,14.17,31.86,27.24,6.62,13.53,34.13,30.31,2.83,14.91,34.36,32.78,2.92,8.9,38.07,19.7,7.62,15.68,40.41,31.04,3.69,20.56,31.38,26.31,1.66,15.36,40.58,24.6,1.81,18.06,42.41,20.59,4.37,9.68,34.53,22.13,3.82,15.63,31.16,16.08,6.38
54,1.31,7.4,8.25,1.39,23.05,7.5,5.21,2.14,18.33,11.89,3.98,2.11,19.18,12.11,6.79,1.22,15.71,11.28,5.26,1.0,12.38,8.54,3.55,2.35,3.87,6.47,5.27,0.98,1.37,6.36,9.38,3.48,4.08,29.87,8.07,1.71,6.9,36.99,12.87,0.36,7.82,32.74,9.71,1.57,5.4,25.66,11.1,0.69,3.37,26.56,6.51,1.22,1.92,4.52,11.11,0.8
55,14.25,34.71,6.4,1.91,34.57,41.8,9.15,1.32,58.35,26.57,11.26,2.22,33.32,19.94,11.59,0.84,38.8,28.7,5.08,1.13,24.82,16.32,3.6,1.7,25.66,25.35,8.67,1.13,5.72,12.64,13.34,22.48,9.42,47.35,23.96,5.31,10.94,39.87,39.11,2.2,12.78,34.63,29.24,5.65,14.57,23.16,28.25,7.96,5.59,32.59,8.72,5.02,7.92,8.15,16.19,12.04
56,1.22,9.78,6.93,1.3,13.91,17.2,7.69,1.25,17.98,13.39,4.46,1.49,15.01,9.76,8.57,1.41,12.76,9.18,5.66,0.31,6.49,7.85,4.64,0.52,4.7,12.65,4.62,0.89,1.99,8.83,8.36,10.86,6.94,14.59,14.98,1.95,11.73,12.38,11.15,1.4,10.35,12.14,10.23,1.12,11.49,13.17,12.68,2.06,4.78,10.68,8.94,2.19,2.42,6.95,5.19,2.69
57,2.04,11.64,11.31,2.47,29.93,18.36,9.01,0.78,40.94,19.69,11.95,1.97,21.92,12.63,8.29,1.96,18.64,17.6,9.47,1.23,23.63,6.85,5.95,1.79,6.44,18.73,10.6,1.4,3.28,17.84,9.05,9.77,8.1,33.16,14.92,1.78,10.41,34.77,11.87,1.97,10.68,32.6,20.57,2.29,10.65,21.73,12.19,3.13,6.11,19.35,6.77,2.06,3.55,9.68,9.38,7.25
58,5.03,14.35,11.95,3.02,24.35,14.94,7.28,3.16,34.65,20.26,10.35,3.39,27.93,15.82,10.16,1.85,19.12,10.55,9.74,3.09,15.1,12.8,8.04,2.16,9.31,15.31,7.36,1.59,4.03,20.96,10.63,3.29,12.15,42.7,23.52,1.51,14.79,41.15,14.51,1.0,12.73,44.63,15.42,2.47,11.85,25.56,15.69,2.12,9.01,30.11,10.34,2.86,5.1,15.27,7.52,2.49
59,15.16,56.17,36.6,9.07,30.81,61.03,47.12,2.2,41.09,72.4,37.61,3.18,43.81,61.97,42.67,3.02,38.41,50.32,44.88,5.15,25.33,57.09,35.75,3.38,22.19,59.01,23.04,5.49,20.05,59.21,28.99,15.45,45.16,53.76,46.06,4.04,42.85,58.54,58.5,3.12,38.37,66.26,46.67,4.46,37.24,56.79,37.46,4.9,29.39,55.48,35.01,4.24,18.49,56.17,29.33,9.01
60,14.54,65.09,39.68,9.87,43.18,43.49,50.24,3.77,40.52,45.61,50.04,4.42,36.57,42.37,51.18,4.59,39.15,43.33,48.39,5.65,35.06,48.99,38.68,4.35,20.99,51.98,39.94,9.03,13.53,56.76,41.38,11.69,24.43,70.68,45.35,6.13,19.58,57.1,43.68,4.14,25.84,66.49,45.78,5.92,25.21,80.49,41.79,4.49,22.27,55.05,46.29,3.79,16.42,49.48,31.56,10.93
61,17.22,99.2,86.58,17.36,67.25,88.98,95.56,6.39,67.24,98.86,71.06,3.99,67.69,87.86,73.17,6.58,57.9,95.84,74.26,9.64,50.59,107.62,64.9,9.42,31.2,95.59,46.88,14.26,18.88,110.03,62.89,21.49,82.03,80.69,82.28,12.07,86.28,64.82,81.44,6.08,96.79,92.52,88.71,10.94,49.71,72.25,93.67,11.59,84.12,80.67,73.54,10.97,33.12,71.29,59.37,20.09
62,27.93,99.5,103.87,13.76,98.87,147.13,85.26,8.04,114.07,144.8,104.28,4.94,114.59,126.93,85.15,5.08,113.04,120.59,92.46,10.78,80.14,111.19,69.84,5.96,46.9,93.02,57.49,15.84,27.49,99.71,77.22,31.03,73.23,104.86,106.53,14.96,70.99,115.72,94.28,6.67,66.47,129.76,109.01,13.57,73.72,107.99,97.53,12.14,64.4,96.26,83.26,12.16,38.79,91.46,66.91,26.62
63,7.3,33.83,29.14,8.02,25.99,35.02,31.9,3.51,35.3,41.18,31.97,5.25,26.56,47.07,33.97,3.48,18.01,41.74,31.19,6.89,23.85,49.07,24.48,3.93,10.02,39.27,21.88,9.38,7.89,43.92,26.82,6.12,22.07,44.25,32.75,4.67,20.1,50.61,35.91,3.18,17.95,49.35,26.58,3.13,19.01,45.64,27.21,5.77,15.72,45.56,23.37,4.0,13.17,51.97,18.01,6.64
64,2.54,8.83,6.61,2.38,10.09,7.97,4.83,1.87,7.23,13.22,5.82,0.82,10.16,16.75,4.89,0.52,6.04,9.12,4.03,0.16,4.44,8.94,4.45,1.26,6.6,11.57,6.26,1.32,1.83,11.3,9.81,5.53,1.82,13.55,7.75,1.38,2.74,13.2,8.43,0.92,1.77,13.77,8.5,1.35,1.81,8.15,6.67,1.04,1.1,10.5,7.51,1.32,2.26,11.12,8.2,2.92
65,17.27,77.08,46.3,13.71,33.59,34.22,48.18,5.75,46.34,52.75,51.93,2.76,31.08,61.17,37.24,5.81,29.46,61.62,43.38,11.56,30.54,44.47,42.36,5.91,27.87,54.38,52.6,9.15,11.21,66.0,25.25,18.6,18.73,68.73,45.55,5.67,23.5,67.56,33.51,5.09,21.03,79.67,45.13,5.46,21.4,56.79,39.05,2.89,19.42,62.37,31.39,5.45,23.21,39.14,39.92,10.57
66,2.09,6.5,10.49,5.71,4.74,6.31,5.45,2.06,3.35,13.66,4.78,1.46,2.98,10.31,8.39,1.78,4.05,7.3,7.17,2.13,2.43,8.26,6.74,2.4,6.11,20.1,11.86,3.51,4.16,11.05,8.55,1.76,8.05,10.85,11.99,2.74,6.95,14.54,7.9,0.53,11.46,20.01,9.16,0.36,6.44,11.78,7.44,0.91,3.27,14.05,5.53,1.59,7.36,14.7,13.93,1.66
67,1.73,5.11,1.23,0.9,6.72,4.51,1.92,1.19,3.39,8.12,1.49,0.51,2.6,2.06,1.17,0.61,5.01,2.44,0.67,0.23,1.95,3.87,1.56,0.93,2.64,8.07,3.77,1.39,0.78,2.24,1.79,1.4,0.51,10.37,2.32,0.43,0.56,7.66,1.46,0.17,2.76,7.31,1.48,0.93,0.84,3.77,5.62,0.28,1.39,5.0,0.93,0.56,1.14,2.71,4.16,0.57
68,0.81,3.85,4.95,0.92,7.52,5.15,4.33,1.36,3.44,7.46,3.66,0.44,3.61,5.55,3.66,0.94,2.32,4.51,3.28,0.37,3.1,3.85,2.49,0.78,3.38,4.4,3.21,0.98,0.96,4.1,4.36,0.82,3.27,10.37,4.2,0.69,2.99,4.98,5.96,0.32,4.47,10.71,2.48,0.88,2.68,10.39,5.27,0.36,2.49,5.89,1.69,1.1,1.71,4.61,6.79,0.9
69,17.45,64.66,11.37,11.32,117.33,108.5,18.71,8.72,130.97,158.47,14.5,4.12,223.57,174.75,19.87,6.19,211.49,180.19,17.05,4.81,110.05,125.59,40.77,2.85,50.58,117.79,40.61,15.16,9.63,52.8,54.81,67.3,84.65,163.58,144.17,12.03,50.73,179.29,159.82,2.95,77.31,217.66,140.37,10.64,34.54,136.57,99.13,10.56,59.58,100.13,91.24,8.18,9.08,60.73,86.65,30.29
70,29.21,170.4,63.06,33.42,95.19,102.59,53.29,9.6,132.32,118.22,108.38,2.97,83.19,169.97,144.54,8.15,93.02,73.85,70.41,9.68,81.54,121.7,130.75,8.63,33.3,167.49,88.02,17.5,29.76,109.97,87.32,57.54,29.45,134.85,113.57,9.39,24.53,145.32,148.05,11.22,58.69,137.19,120.75,16.55,39.88,151.97,74.11,18.9,29.08,188.39,77.12,21.24,39.34,111.96,146.2,32.1
71,26.53,71.74,14.8,21.04,72.1,87.54,29.62,3.69,73.62,57.37,56.15,4.71,93.42,49.5,27.62,5.68,101.2,43.76,17.89,3.77,58.14,136.98,53.43,2.23,33.06,51.83,27.72,10.85,9.13,37.29,44.57,68.89,2.68,93.66,108.72,11.38,5.42,120.16,105.14,3.1,12.38,69.0,79.53,11.7,59.06,79.89,90.35,9.78,5.04,89.56,128.44,9.76,9.66,50.83,60.59,29.58
72,8.24,13.2,3.53,5.62,18.89,11.37,4.33,0.75,20.42,26.06,6.25,0.98,21.91,31.25,12.56,1.27,20.09,7.19,4.67,1.75,22.66,17.12,11.28,0.66,19.06,29.78,2.36,4.42,1.42,15.01,20.63,17.41,2.84,20.23,32.09,4.88,3.46,28.94,37.54,0.97,2.16,10.36,31.45,2.33,5.74,27.91,46.97,2.41,3.46,15.75,29.24,3.64,1.84,12.47,17.37,6.0
73,0.45,1.08,0.17,1.92,2.21,1.14,1.57,0.35,1.04,7.84,1.33,0.67,0.24,1.3,2.63,0.31,0.9,1.04,3.62,0.05,0.74,4.86,2.14,0.25,0.34,0.35,0.29,0.45,0.06,4.38,1.91,0.97,1.0,1.71,1.97,0.98,0.59,0.55,1.26,0.25,0.64,0.43,0.78,0.21,0.29,3.48,1.46,0.13,0.51,1.09,2.38,0.25,0.23,0.35,0.91,0.42
74,2.7,2.6,2.6,1.8,20.7,20.8,1.74,1.54,25.79,10.93,1.82,1.02,35.51,3.51,3.09,1.65,21.82,5.66,1.95,1.22,28.11,10.02,4.03,0.61,3.85,6.8,0.84,1.59,1.6,6.74,1.79,1.91,3.23,14.22,8.53,0.59,3.62,13.97,13.33,0.92,1.95,14.53,12.33,2.08,4.12,7.68,16.42,1.55,1.85,4.68,9.45,2.05,2.38,1.94,3.56,3.03
75,0.29,2.12,0.63,3.19,2.26,5.85,2.29,0.46,1.4,2.7,0.89,0.39,1.26,1.37,4.04,0.19,1.61,2.34,1.77,0.65,1.34,1.96,0.69,0.68,0.52,0.3,0.41,1.0,0.52,0.74,1.43,0.52,1.61,1.75,2.19,0.44,4.18,2.07,3.78,0.6,2.38,2.69,1.37,0.25,3.06,3.74,1.46,0.64,0.82,1.99,0.85,0.12,1.28,1.87,0.82,0.32
76,6.4,19.59,15.75,8.33,12.12,28.44,24.84,3.25,15.09,25.88,30.93,2.02,13.77,27.2,30.2,2.55,12.11,28.49,27.24,4.05,10.06,31.23,24.77,2.4,6.77,22.21,20.7,5.39,6.26,31.85,17.28,7.81,9.11,25.33,26.12,1.39,12.7,29.3,24.18,1.57,14.31,31.03,23.09,2.05,7.93,29.85,19.16,2.5,7.98,22.32,19.65,1.91,13.71,29.93,12.56,4.57
77,0.61,2.14,1.21,2.15,8.75,6.39,2.56,0.66,8.93,1.65,4.16,0.81,7.92,5.25,5.34,0.36,3.61,2.65,5.83,0.44,4.9,1.84,2.14,0.55,0.57,1.4,1.43,1.57,0.75,1.81,1.71,0.26,1.49,8.65,2.99,0.14,2.52,9.95,3.04,0.17,0.68,13.3,2.79,0.1,1.83,4.12,1.79,0.01,0.68,6.43,0.95,0.29,0.71,2.01,1.01,0.05
78,9.21,31.31,11.57,11.18,41.51,31.38,12.6,0.93,44.08,20.09,25.41,2.33,49.55,50.86,14.74,2.54,56.54,21.1,10.05,1.28,55.94,20.46,18.38,0.94,27.09,78.66,21.5,6.89,6.31,21.76,29.91,55.07,9.69,39.3,39.46,11.41,8.22,40.41,73.72,2.99,5.76,37.81,36.21,11.58,9.53,34.29,45.82,10.68,3.48,20.53,32.49,8.75,9.55,19.73,20.36,29.65
79,1.4,7.38,8.55,4.05,6.55,11.1,10.61,1.25,7.66,8.42,8.98,1.43,8.15,14.81,10.51,0.89,5.06,8.58,8.83,0.57,6.27,6.3,6.56,0.49,2.09,8.51,5.55,2.99,2.25,8.96,6.8,15.96,5.46,10.47,8.79,2.34,4.81,6.95,17.45,1.81,5.13,7.81,11.99,2.16,6.49,8.74,14.47,2.2,5.1,6.88,10.85,3.59,2.67,5.77,6.66,9.21
80,5.87,17.52,14.39,10.48,40.47,19.55,19.1,1.69,58.09,28.05,27.59,1.91,42.25,17.37,24.56,2.88,37.38,25.42,21.93,3.86,26.08,26.81,15.83,3.48,9.72,19.5,11.39,4.63,5.43,28.15,16.64,19.82,10.43,43.63,23.82,6.77,14.12,37.59,26.97,3.57,11.5,36.28,22.87,4.44,10.23,27.89,25.48,5.39,9.33,27.94,18.63,4.87,6.52,17.18,14.39,16.99
81,5.6,14.41,10.08,9.14,18.5,18.09,10.25,4.09,24.98,19.43,18.04,2.87,28.14,18.36,17.06,1.85,23.41,16.75,11.89,5.63,15.11,14.42,11.21,3.98,7.94,15.09,12.26,3.86,4.58,20.47,10.95,4.29,9.53,33.18,23.05,2.25,12.31,31.79,16.98,1.82,13.02,35.67,15.0,2.87,9.33,24.2,14.18,2.47,8.68,26.45,15.23,3.18,6.46,16.29,12.38,4.14
82,19.86,59.64,52.36,17.77,58.96,77.6,62.34,5.63,46.73,83.54,68.09,6.72,60.96,90.25,66.19,7.73,53.0,72.15,53.5,9.13,44.13,70.43,39.26,6.18,30.04,67.71,42.8,15.24,19.82,80.75,40.72,21.74,38.69,81.14,47.78,7.34,53.67,94.59,54.91,9.34,44.24,79.07,49.53,6.84,46.12,80.02,54.98,7.29,40.43,63.88,46.28,6.89,22.71,69.71,44.53,17.14
83,9.47,20.22,27.65,13.08,29.49,43.37,33.94,3.58,28.35,47.63,35.95,4.98,20.26,48.91,32.23,5.79,23.4,38.39,28.27,5.66,15.17,47.45,22.48,4.29,11.81,30.14,21.79,13.34,6.98,36.52,18.29,9.76,13.48,32.27,24.27,2.55,18.15,50.77,26.62,2.01,25.78,56.27,26.77,3.11,28.11,51.91,25.47,5.35,20.66,45.41,26.92,4.71,11.35,25.57,20.12,9.34
84,18.41,83.8,46.68,20.5,26.63,78.1,54.6,6.14,46.23,71.6,57.84,4.41,30.65,84.42,66.19,8.6,25.25,83.0,47.49,9.01,38.06,188.95,47.61,6.24,49.71,86.04,49.61,12.26,13.06,92.34,83.11,15.73,25.19,79.61,60.42,6.18,33.93,62.17,63.56,3.47,39.18,60.7,72.28,6.17,30.48,72.58,67.74,6.01,34.59,133.22,64.08,10.42,16.83,49.48,56.06,12.88
85,35.56,124.02,87.93,36.58,118.55,150.63,100.27,11.75,105.02,142.37,111.68,8.01,128.27,173.06,139.39,12.78,138.56,134.17,139.63,17.67,109.91,130.09,104.1,12.52,52.74,129.55,91.54,28.93,38.27,108.12,89.02,30.04,108.37,160.72,113.31,12.27,111.3,149.17,112.17,7.79,117.24,155.1,139.83,16.11,118.65,139.06,107.69,15.43,108.86,107.47,95.55,14.34,60.54,116.22,90.93,25.9
86,28.69,103.31,71.21,31.54,50.57,169.97,94.36,8.08,62.95,167.65,110.12,7.81,59.65,182.59,115.82,10.39,62.95,197.88,100.46,9.74,46.98,132.93,65.64,10.94,31.34,106.6,61.95,18.99,33.09,91.63,73.68,16.63,69.41,130.82,79.06,11.77,79.61,120.38,76.8,5.07,77.51,161.67,91.55,10.93,77.95,103.0,87.66,6.97,57.36,110.56,74.3,12.01,40.44,113.34,83.35,14.25
87,1.11,3.2,3.47,2.62,2.48,7.33,3.51,0.64,3.34,8.39,5.75,0.74,3.3,11.57,3.77,0.6,2.28,4.85,2.92,0.23,1.82,3.07,2.67,0.36,1.73,2.31,2.8,0.49,0.75,6.41,3.48,1.79,2.39,3.0,3.5,0.87,1.18,4.11,4.2,0.97,2.49,5.17,3.56,0.65,1.31,4.49,2.63,0.22,2.09,2.74,3.25,0.43,1.12,5.3,4.9,0.79
88,8.1,43.02,27.75,8.38,10.77,39.1,25.92,2.4,20.03,35.83,27.69,2.49,16.2,42.37,30.84,3.23,12.94,36.96,27.62,3.54,14.73,35.25,23.95,3.58,9.6,25.23,27.65,7.58,10.58,42.57,22.88,12.74,11.74,32.86,23.83,3.01,16.48,32.78,25.94,1.77,12.31,47.22,32.29,3.3,13.83,46.2,20.9,2.84,11.89,32.01,25.16,2.97,15.31,44.57,25.25,8.43
89,1.01,8.95,2.22,19.98,2.12,15.06,15.13,1.14,2.36,10.01,13.02,1.82,2.81,6.66,18.38,1.22,1.41,2.88,17.74,2.39,0.72,2.4,15.89,1.67,1.22,3.51,4.42,11.37,2.31,12.03,1.78,1.17,6.99,5.67,6.63,0.97,7.76,5.67,5.82,0.49,8.7,8.37,6.17,0.35,6.91,5.41,3.49,0.48,6.8,3.63,2.46,0.61,6.98,2.0,2.1,0.4
90,1.11,8.53,3.68,2.94,8.55,11.19,6.16,0.97,5.82,7.38,7.18,1.02,8.37,10.73,5.01,1.04,6.02,7.13,3.42,0.5,5.28,5.28,3.15,0.47,2.14,6.28,4.18,2.21,0.8,11.0,4.6,0.81,4.17,9.23,5.66,0.57,2.71,7.89,5.27,0.74,4.22,9.82,4.52,0.93,2.64,10.72,4.38,0.53,2.98,7.74,4.51,0.49,1.3,5.47,4.44,0.48
91,2.89,10.37,7.85,8.49,5.66,29.43,11.52,1.62,6.76,15.06,14.33,1.57,6.35,22.65,19.29,1.33,5.02,13.75,9.77,3.13,3.52,13.1,11.94,3.19,3.78,11.98,7.64,4.66,4.15,18.13,8.51,1.21,8.57,15.2,6.81,1.95,12.98,14.15,8.1,1.77,9.63,11.72,9.07,1.19,8.07,12.07,7.24,1.41,6.86,11.06,5.93,1.86,5.64,14.98,8.84,2.44
92,24.17,152.36,37.05,13.31,253.42,229.36,11.27,9.26,280.61,322.77,134.09,2.23,272.03,317.72,115.97,2.5,181.25,174.72,77.88,6.63,104.74,125.75,50.23,6.6,59.8,91.77,87.45,8.68,15.0,81.44,84.84,72.87,66.59,155.34,75.78,16.56,92.31,238.54,132.18,6.01,71.34,176.37,153.49,15.3,145.55,145.59,202.46,12.22,149.33,150.48,109.69,8.61,36.59,101.75,169.51,22.63
93,23.23,179.76,50.21,7.12,136.96,207.82,41.11,7.97,102.96,183.95,144.34,6.11,224.49,411.66,101.62,9.01,133.78,145.98,82.94,7.61,126.2,141.84,86.69,13.62,66.88,154.39,85.39,13.44,34.52,119.92,97.42,74.0,69.17,221.74,45.26,14.82,69.9,153.8,77.49,13.24,69.01,231.18,207.9,26.1,103.35,108.0,253.58,28.14,126.2,118.83,112.87,18.95,42.45,139.61,157.43,29.96
94,58.55,241.57,9.47,3.7,567.5,299.21,56.23,9.37,468.87,286.41,111.65,9.91,357.44,446.96,179.19,10.06,318.77,235.52,135.96,5.67,199.94,211.74,119.7,10.85,88.19,183.76,81.4,13.29,40.56,69.47,45.41,103.26,198.61,232.87,107.95,20.57,147.26,329.41,301.43,8.96,157.14,281.96,209.72,22.97,210.21,241.9,235.14,17.57,170.72,305.65,215.83,14.71,28.31,179.93,267.82,44.55
95,19.25,84.61,3.43,1.3,29.54,46.55,15.69,4.75,26.27,57.97,82.5,2.63,62.41,72.26,76.62,2.38,59.96,23.86,43.57,1.79,17.1,97.4,46.07,3.69,44.05,38.87,7.71,1.17,5.09,49.75,10.55,28.27,13.87,25.32,12.91,6.08,75.07,46.79,18.05,2.9,71.48,30.3,69.64,5.49,60.14,24.13,112.64,4.29,57.94,70.06,28.2,6.76,4.47,72.2,106.23,15.32
96,12.71,63.75,0.54,0.16,13.98,32.53,2.52,2.63,51.73,32.76,59.54,2.46,53.77,119.19,61.85,0.65,4.38,60.4,2.12,1.45,0.26,4.86,4.17,3.83,19.7,56.76,0.61,0.28,1.03,24.77,2.54,4.76,122.22,89.92,4.11,1.24,4.47,19.35,35.91,0.39,1.31,6.15,9.04,3.0,24.44,3.06,18.95,4.62,21.91,70.96,45.6,0.23,1.77,1.1,14.86,11.53
97,4.04,24.36,1.68,1.58,25.42,16.16,9.08,2.99,18.52,28.72,35.66,2.54,17.71,45.79,30.3,2.26,12.08,12.78,5.33,1.97,11.5,12.44,5.57,1.05,11.25,12.53,7.09,0.85,2.81,14.42,3.53,5.74,13.69,18.96,4.07,2.97,14.74,38.45,12.99,1.61,6.65,16.79,15.71,3.51,24.53,62.85,16.37,2.97,17.35,23.58,12.82,4.05,2.1,3.85,13.81,3.92
98,12.3,44.85,3.08,0.32,7.05,8.4,5.55,3.11,3.6,9.96,62.63,0.85,50.95,17.51,62.81,0.14,4.19,4.49,40.87,0.2,1.72,3.46,4.98,3.38,2.58,2.91,2.16,0.35,2.7,31.98,2.57,4.6,7.29,2.03,0.77,0.14,6.49,3.03,3.14,0.41,7.89,6.52,6.78,0.7,24.93,5.41,16.41,0.63,6.41,48.92,1.46,0.32,3.91,4.42,2.08,11.66
99,3.25,13.32,12.3,3.22,16.15,31.23,16.19,4.61,9.13,15.8,14.2,2.2,7.85,19.54,12.42,1.23,7.95,20.38,15.32,1.44,4.93,13.63,15.02,1.88,7.71,22.32,11.49,2.16,7.07,13.14,7.72,4.73,7.49,13.22,10.62,1.24,7.64,11.06,17.42,0.66,8.69,20.94,17.74,1.48,13.84,22.57,11.3,1.05,7.66,13.66,14.35,0.87,8.0,10.88,6.98,6.06
100,0.6,3.69,3.27,3.23,10.45,9.47,3.39,0.94,8.91,5.73,28.56,1.09,6.6,44.5,5.18,1.31,12.54,1.51,7.8,2.02,6.7,1.8,8.56,2.54,2.96,4.0,5.96,1.74,2.37,8.38,5.0,3.19,4.78,14.74,3.08,1.23,4.94,12.79,10.68,0.45,6.03,21.32,5.84,0.5,7.3,17.32,5.83,0.69,1.94,6.47,4.13,0.91,1.4,9.29,2.47,2.13
101,17.86,108.5,9.72,4.01,103.78,111.15,23.48,4.95,104.32,108.5,53.98,3.96,115.0,292.88,30.11,2.81,98.69,30.84,15.18,1.86,76.47,106.74,42.57,3.74,59.29,129.21,19.24,1.8,15.54,33.12,20.94,83.37,47.67,122.64,33.29,10.73,74.75,114.2,78.68,3.52,50.09,109.24,91.12,13.21,66.66,89.05,91.83,11.19,51.24,37.99,77.63,11.06,20.15,66.92,74.31,22.21
102,5.4,26.16,5.83,3.45,20.57,37.86,14.76,2.43,9.24,45.84,38.04,2.89,8.79,55.37,22.26,2.93,12.94,15.88,17.14,0.41,4.58,19.47,11.74,1.47,9.01,18.65,5.21,1.14,4.82,16.42,5.32,15.52,11.46,15.05,7.33,5.26,13.74,34.4,16.57,1.95,16.35,16.38,20.49,5.07,15.61,20.3,25.7,3.49,18.88,16.2,21.36,5.2,5.12,11.26,32.62,8.28
103,5.31,23.81,6.15,1.74,41.17,31.74,18.59,2.05,33.23,48.12,36.71,3.29,36.92,54.94,29.85,2.57,34.25,18.28,10.08,1.04,21.18,17.86,11.4,1.66,9.12,32.08,9.22,1.38,4.94,19.87,14.67,15.67,15.51,42.39,14.52,4.48,15.9,70.66,26.72,2.75,16.54,38.72,23.01,3.81,18.19,42.98,26.27,5.63,20.14,36.78,16.37,3.44,5.98,14.73,28.19,8.89
104,3.21,13.22,4.11,0.7,22.46,23.23,14.2,3.71,16.04,25.35,17.38,3.23,15.49,41.76,7.04,1.88,21.85,20.4,6.73,1.49,8.76,16.08,7.49,1.68,8.76,11.53,3.27,1.63,2.63,13.11,8.19,1.81,11.44,28.36,10.68,1.28,9.1,43.34,16.18,1.18,6.26,28.82,10.99,1.24,12.19,24.99,14.31,0.92,8.47,24.86,9.35,0.88,2.35,6.64,11.28,2.47
105,13.01,45.57,25.62,7.93,48.12,61.19,36.58,3.0,27.18,57.5,50.65,3.51,29.72,81.12,51.91,5.08,37.31,56.86,25.04,4.27,21.41,53.8,27.1,3.98,18.99,39.04,30.49,4.98,15.24,53.12,24.87,19.42,32.14,59.87,34.55,7.13,30.98,48.81,47.06,3.66,30.33,56.3,44.06,5.59,35.79,45.68,41.96,5.02,23.45,48.84,33.15,5.54,18.39,37.95,44.33,10.38
106,4.61,26.29,13.67,3.75,6.65,17.98,12.67,0.46,5.64,24.1,18.51,0.76,5.16,25.88,18.17,1.68,9.05,20.58,15.39,2.54,5.54,16.29,14.74,1.46,5.43,9.92,9.06,3.11,6.13,24.13,7.98,2.28,11.19,21.24,9.79,0.86,14.49,15.1,15.84,1.14,16.38,18.09,12.45,1.55,11.6,26.6,9.24,2.71,8.37,19.78,9.63,2.01,6.27,20.27,13.17,3.23
107,17.33,76.85,23.04,5.36,12.0,38.95,20.43,4.22,11.94,46.86,85.67,1.57,62.29,44.84,47.18,2.35,15.51,82.32,19.35,4.61,8.45,23.71,29.55,5.47,8.21,19.2,20.16,3.15,7.72,38.19,13.41,6.15,17.81,30.08,17.53,1.71,26.5,25.34,18.26,1.54,17.44,30.98,15.72,1.96,74.94,29.43,15.36,3.5,11.61,76.09,17.35,2.75,11.21,34.94,18.19,16.44
108,29.28,62.53,63.75,17.78,69.47,103.59,59.32,8.85,76.62,104.1,83.51,6.07,79.26,99.84,70.81,11.63,91.39,74.8,62.22,8.81,46.77,74.02,45.69,5.34,30.66,61.42,60.25,26.84,31.44,68.93,62.32,22.17,67.29,73.2,55.94,3.82,82.08,62.56,61.92,5.31,89.46,82.93,79.66,6.56,88.94,73.39,72.63,9.32,67.14,66.22,47.76,6.23,29.85,66.64,40.97,21.32
109,40.06,198.84,111.75,35.15,99.61,184.34,133.47,11.64,100.23,185.32,190.23,11.27,94.62,186.58,180.58,19.33,95.0,231.64,147.41,14.41,79.33,139.56,109.22,12.71,42.72,168.66,117.56,37.9,41.5,181.3,116.18,28.37,110.77,166.21,119.33,9.19,89.31,148.8,130.77,9.01,105.42,155.24,130.63,11.44,89.35,163.98,145.22,15.19,75.1,135.78,140.73,13.26,54.52,140.82,107.59,28.3
110,3.17,57.23,8.68,1.35,50.76,26.08,10.72,3.88,5.66,21.98,26.62,0.75,55.73,17.78,43.16,1.4,6.56,65.32,5.33,1.45,4.82,10.37,10.36,3.86,7.38,5.42,5.26,1.3,2.62,13.67,4.79,3.75,9.07,8.83,9.28,1.01,7.55,15.84,7.22,0.89,5.14,12.18,14.83,1.18,39.39,14.71,24.32,1.58,3.16,58.25,11.49,1.19,5.73,12.32,8.71,2.46
111,17.46,84.06,37.54,11.05,29.53,141.65,49.42,8.54,34.33,67.51,57.76,5.18,45.87,184.26,47.61,5.62,35.94,62.81,36.49,8.8,32.9,51.15,34.07,6.96,58.82,137.95,47.45,7.25,13.45,74.79,33.2,20.76,65.57,73.75,53.33,8.14,21.77,85.63,93.12,7.84,28.37,84.11,53.29,8.91,35.73,138.3,78.59,7.34,21.68,70.42,108.87,7.16,23.42,70.4,46.61,16.21
112,14.23,99.78,34.24,10.38,16.91,105.41,87.64,8.23,12.42,80.55,100.76,6.32,12.73,85.8,52.9,8.35,19.09,75.56,50.31,11.14,13.92,55.59,47.71,8.69,22.32,59.88,49.63,8.84,32.6,79.42,36.56,11.42,64.5,39.16,33.82,6.09,61.4,40.44,45.1,3.5,55.65,53.87,39.01,4.92,54.74,54.02,52.72,7.37,41.44,52.71,33.31,4.26,35.47,69.52,45.02,9.55
113,5.24,24.92,21.46,5.62,12.61,29.33,18.32,3.14,14.13,37.05,25.47,2.12,15.89,43.56,28.91,2.65,12.83,29.04,20.75,2.54,12.42,28.22,24.85,3.09,8.78,19.34,23.5,5.26,7.63,29.28,13.73,3.69,14.46,34.81,16.69,2.45,11.38,32.4,18.72,1.67,17.08,48.1,25.33,3.87,13.61,36.32,21.45,3.46,8.46,37.74,12.63,2.48,8.98,24.49,16.07,4.33
114,8.9,35.12,19.06,9.58,36.97,51.14,25.58,3.66,22.48,43.35,30.21,3.85,35.68,61.91,37.85,3.82,29.63,42.1,24.46,4.25,23.25,37.04,28.27,2.33,12.37,27.57,26.47,5.53,17.88,35.28,22.01,11.32,32.62,45.98,26.5,3.52,45.7,36.28,48.49,2.33,42.38,43.65,23.71,4.47,28.4,50.26,40.36,2.93,25.48,38.16,21.65,3.18,20.6,48.93,20.13,6.12
115,3.06,28.05,3.66,1.14,48.45,61.57,6.75,5.5,65.43,111.64,6.55,2.38,86.46,48.85,10.06,1.31,168.85,55.4,5.49,7.18,66.11,65.47,10.79,1.96,27.78,53.34,54.28,9.7,3.37,16.13,52.09,40.15,71.52,68.05,49.49,4.36,41.84,108.85,72.97,1.93,73.82,127.9,77.64,4.7,22.08,95.75,19.99,8.07,51.41,48.75,24.55,3.34,1.77,34.0,15.64,19.91
116,25.49,135.77,43.34,6.59,56.87,86.68,40.61,4.95,67.89,94.98,52.16,1.89,51.19,154.53,24.67,5.31,113.33,44.22,51.27,7.23,95.71,104.82,76.13,6.57,30.86,124.58,79.15,6.75,20.17,106.91,95.36,41.86,19.78,72.59,57.91,7.53,22.73,93.16,114.95,9.38,21.71,42.69,96.86,9.56,30.21,105.71,101.52,18.41,20.82,101.33,50.8,13.55,22.2,106.1,88.45,16.85
117,21.99,35.61,5.55,0.57,42.07,73.0,9.03,2.99,17.13,22.54,46.41,1.2,24.68,26.46,4.42,2.17,113.81,24.21,4.58,2.5,71.46,62.97,7.84,1.94,22.28,14.48,22.23,12.06,2.09,42.25,58.77,37.92,106.4,69.8,109.6,6.42,7.59,91.05,71.65,0.58,8.0,46.14,48.52,6.22,55.27,50.54,46.69,5.71,0.94,43.2,43.21,1.25,19.69,29.99,54.92,15.68
118,2.43,2.19,0.54,0.14,4.75,2.96,3.44,0.48,6.81,10.86,2.31,0.6,9.38,20.55,3.48,0.42,2.72,8.75,1.87,1.39,2.62,10.13,2.42,0.44,5.83,29.33,0.85,0.24,0.65,1.27,4.65,3.91,0.47,2.51,7.14,1.24,1.52,11.6,6.4,0.27,1.03,8.3,7.62,0.59,0.65,13.34,7.15,1.29,1.07,6.98,9.08,0.59,0.91,4.61,6.62,1.11
119,0.21,0.89,0.0,0.07,5.71,1.09,0.56,0.34,5.06,3.16,0.38,0.49,3.95,5.21,0.99,0.03,4.46,5.36,0.42,0.01,0.33,1.83,0.27,0.24,1.81,4.11,0.49,0.16,0.1,4.01,1.4,0.36,0.28,1.29,0.65,0.78,1.11,0.16,0.74,0.17,0.13,3.83,0.33,0.2,0.22,3.91,1.03,0.11,0.43,0.68,0.3,0.32,0.14,1.24,0.83,1.07
120,1.29,1.29,0.64,0.86,6.91,13.52,2.45,1.02,8.62,2.62,0.53,0.83,13.66,1.82,0.46,0.86,5.58,2.82,0.8,0.48,5.38,9.59,0.65,0.37,2.01,6.18,0.25,0.4,0.83,2.68,0.65,0.66,4.39,8.54,2.92,0.11,5.11,9.29,4.5,0.49,0.64,12.38,6.41,0.81,6.76,8.73,2.39,0.45,1.52,3.78,4.24,1.76,0.26,1.61,1.79,3.1
121,0.32,1.61,0.31,0.46,1.06,2.33,2.62,0.32,0.66,2.37,0.63,0.4,0.85,1.54,0.39,0.03,0.61,1.47,0.86,0.04,1.06,1.62,0.35,0.43,0.81,1.04,1.99,0.38,0.33,2.32,0.94,0.47,3.56,1.75,0.5,0.09,3.68,1.2,3.5,0.36,0.59,4.3,0.66,0.28,0.26,0.86,2.15,0.68,1.18,0.94,0.34,0.07,0.1,0.71,0.59,0.15
122,0.97,3.12,7.65,0.93,4.74,9.09,4.87,0.86,1.64,3.37,4.99,0.64,5.59,2.67,3.17,0.81,0.76,6.43,5.61,1.43,1.19,13.54,6.43,0.53,1.93,6.57,10.3,0.33,1.79,2.5,1.52,3.65,4.46,6.79,6.58,0.37,4.76,2.72,3.5,0.57,1.1,3.36,7.59,0.18,3.39,7.01,2.92,0.13,2.61,7.87,6.6,0.32,3.97,4.58,2.47,3.35
123,0.29,0.82,0.09,0.05,4.22,0.77,0.8,0.24,2.0,0.91,0.74,0.37,3.41,4.76,1.84,0.33,6.83,0.69,0.63,0.64,0.92,0.68,0.31,0.42,0.17,0.7,0.62,0.05,0.4,0.52,0.45,0.1,1.68,5.31,1.3,0.6,2.89,5.65,1.2,0.12,0.89,14.75,1.61,0.07,1.16,5.15,1.49,0.18,0.5,11.34,0.55,0.19,0.11,0.8,0.51,0.02
124,7.1,14.66,6.49,0.85,9.02,9.88,9.06,0.83,7.42,10.06,16.12,1.29,8.21,31.33,5.95,0.41,24.15,9.67,4.66,0.41,12.17,16.69,3.93,1.01,15.05,41.69,18.51,0.68,2.07,4.91,4.91,29.86,7.46,31.71,19.5,3.04,4.95,24.32,14.52,1.12,7.14,16.74,6.65,2.84,7.76,21.36,14.88,2.94,3.17,18.65,5.07,1.56,2.92,10.5,8.15,13.58
125,0.6,1.58,2.95,1.5,2.81,4.59,3.36,0.43,3.29,6.36,2.18,0.72,5.55,4.45,2.26,0.82,2.14,2.9,3.08,0.02,2.0,3.65,1.83,0.31,1.48,6.08,0.51,0.08,0.97,1.25,2.75,5.67,0.8,4.5,2.11,0.76,2.0,2.49,3.73,0.36,2.44,2.28,3.19,0.61,2.25,3.02,6.89,0.91,0.8,1.67,3.42,2.11,0.43,1.37,2.49,2.13
126,0.98,2.49,1.25,0.39,8.21,5.67,4.41,0.8,11.68,8.71,2.3,0.95,12.35,8.68,3.16,0.41,11.22,5.62,0.98,0.18,8.74,3.69,3.06,0.46,1.6,6.28,2.05,0.83,1.39,2.53,2.48,4.5,5.42,14.75,9.76,0.66,3.35,15.77,7.29,0.73,2.93,10.79,7.83,0.25,3.31,11.1,8.88,2.08,2.55,7.51,5.32,2.07,1.38,4.2,4.29,3.97
127,0.71,1.3,1.28,0.23,6.05,2.41,0.75,0.67,5.94,2.52,0.96,0.57,5.39,1.7,0.84,0.4,2.49,1.24,0.57,0.23,3.8,2.34,0.97,0.85,1.98,3.52,1.09,0.12,0.56,2.22,3.41,0.82,3.17,6.14,3.75,0.24,3.04,4.88,2.02,0.26,2.21,2.97,2.75,0.8,1.53,6.29,3.46,0.2,1.06,4.18,1.39,0.44,0.39,1.98,0.97,0.32
128,1.05,3.87,3.05,1.35,9.34,11.73,2.94,0.44,5.61,8.57,3.91,0.48,9.72,7.05,3.79,0.84,7.43,12.01,6.11,0.81,3.45,7.92,2.43,0.68,1.64,8.79,4.62,0.53,2.44,4.2,2.03,3.15,5.5,8.16,5.14,1.02,5.53,8.77,7.95,1.13,4.47,10.75,5.21,1.27,4.3,10.46,4.2,1.07,2.94,10.26,2.78,2.25,2.49,3.09,2.48,1.86
129,0.34,4.34,2.44,0.14,3.63,3.08,3.44,0.31,4.37,4.01,2.74,0.31,2.9,6.43,2.88,0.4,4.74,4.71,2.25,0.15,2.55,3.82,1.74,0.3,2.07,3.13,3.92,0.6,0.64,3.19,3.37,0.25,3.81,3.7,4.77,0.63,2.36,4.08,2.71,0.69,3.54,4.46,1.72,0.7,2.3,7.97,4.83,0.4,3.02,3.41,1.76,0.57,1.61,3.72,5.9,0.74
130,3.07,9.53,6.1,2.53,4.05,12.48,9.57,2.11,5.79,13.61,10.57,0.72,5.44,14.39,11.22,1.24,7.25,13.05,7.52,2.46,3.49,8.28,6.67,1.56,4.43,7.33,7.17,1.85,1.68,11.2,7.41,4.33,5.43,8.33,7.32,0.86,8.99,9.49,7.31,0.65,6.84,11.59,7.65,1.12,4.25,11.97,5.42,1.36,5.36,8.48,5.13,2.1,2.36,8.56,9.41,2.3
131,3.84,9.47,7.65,2.37,6.74,14.43,7.71,1.09,5.72,15.45,11.64,0.65,5.6,14.64,12.76,0.54,7.83,13.88,6.98,2.92,4.55,12.3,5.93,1.88,5.87,9.79,6.85,1.68,2.28,10.82,8.05,3.28,6.67,11.18,8.59,1.27,10.27,12.33,9.61,1.59,9.32,14.04,9.39,1.79,5.84,16.23,6.21,1.08,5.09,11.16,6.06,2.22,3.35,9.46,10.78,2.71
132,5.25,14.97,10.81,2.44,10.22,20.32,10.56,1.97,9.11,18.67,14.69,1.42,14.69,16.77,14.4,1.22,13.27,21.46,13.71,2.01,10.89,14.3,11.91,0.99,6.24,17.93,10.19,1.24,4.29,19.09,8.79,1.62,10.18,17.43,12.57,2.64,12.29,21.99,11.54,1.74,11.63,18.24,13.19,3.47,8.62,18.16,7.73,2.12,8.61,13.18,8.28,2.53,7.69,12.86,13.63,2.24
133,1.49,4.82,4.82,1.09,3.47,7.9,3.24,0.58,4.28,8.06,3.03,0.46,4.03,8.01,3.92,0.23,3.28,4.78,2.96,0.01,2.71,6.04,2.73,0.63,3.51,5.44,2.2,0.95,0.96,4.92,3.9,1.69,0.86,4.83,4.68,1.03,1.57,5.96,4.89,0.79,1.28,5.55,5.59,0.85,0.81,3.69,5.28,0.95,0.71,3.49,4.78,0.41,1.8,8.35,4.71,0.89
134,9.52,46.02,34.05,7.92,17.98,31.62,28.39,3.59,25.3,39.71,28.09,1.96,15.08,31.79,19.57,3.52,16.22,34.4,33.46,5.92,14.2,29.49,25.86,3.16,20.67,20.07,33.5,6.24,9.49,31.33,24.52,13.13,12.0,21.76,21.9,4.18,10.0,24.3,35.75,2.66,10.37,48.51,32.77,3.99,11.05,44.85,26.61,1.0,9.55,40.18,27.54,2.81,12.34,33.52,31.06,11.67
135,1.35,2.3,0.88,3.34,2.43,6.21,7.71,0.6,1.98,10.52,2.87,0.37,2.59,9.34,5.14,0.17,3.46,6.31,5.05,1.07,2.03,7.33,3.61,0.93,4.52,8.62,4.42,2.04,4.58,4.92,6.93,1.19,5.66,4.54,5.3,2.07,5.13,2.73,6.96,0.35,3.83,3.26,3.38,0.46,3.77,8.12,8.39,1.98,1.6,6.05,3.56,0.92,4.57,7.11,6.61,0.17
136,0.49,0.64,0.13,0.67,0.87,1.69,0.76,0.11,1.06,1.46,0.46,0.16,0.58,1.52,0.69,0.38,3.04,0.86,0.27,0.08,0.33,1.0,0.33,0.25,0.32,1.08,0.05,0.21,0.07,0.65,0.63,0.14,0.81,2.19,0.44,0.17,0.95,0.88,0.71,0.04,0.32,1.63,0.39,0.48,0.19,0.61,1.49,0.29,0.35,3.32,0.51,0.16,0.04,1.95,0.67,0.01
137,0.5,3.29,1.71,0.25,4.07,3.36,4.58,0.56,3.28,6.11,2.91,0.32,3.61,6.3,3.2,0.67,1.47,5.57,2.12,0.4,1.25,4.12,2.56,0.38,1.9,4.57,2.72,0.44,0.7,4.08,3.56,0.22,2.8,4.64,3.21,0.49,1.68,4.82,3.01,0.88,3.53,6.57,2.27,0.94,2.49,5.55,3.65,0.52,2.14,3.36,2.58,0.27,1.14,4.49,3.15,0.68
138,9.47,30.69,4.41,9.67,35.9,51.74,10.73,4.24,84.06,131.22,32.25,2.11,79.82,29.38,11.72,2.01,87.45,48.31,8.54,1.75,51.67,44.57,16.65,2.21,18.23,43.49,40.89,9.55,3.3,21.41,33.18,26.69,66.62,56.58,50.44,4.43,32.38,81.54,22.46,1.7,67.02,59.97,58.37,2.45,28.88,63.37,30.74,7.68,54.95,28.81,28.51,4.09,2.44,49.15,19.2,12.72
139,22.18,148.6,51.27,6.54,111.94,40.37,33.5,5.88,84.01,55.89,34.04,1.75,67.46,146.66,20.69,7.49,110.51,92.17,41.99,7.45,130.84,136.16,67.46,7.3,34.38,106.42,89.36,7.28,15.81,111.42,94.14,25.4,22.93,138.1,69.83,7.56,29.77,121.88,73.77,8.23,20.86,155.42,87.4,9.67,29.46,149.35,105.73,25.65,27.95,85.59,50.03,11.1,25.79,94.42,37.53,13.74
140,27.59,40.71,5.18,17.3,62.83,115.52,7.95,2.32,36.9,18.91,44.42,6.89,60.26,20.24,13.8,1.96,161.81,23.26,12.96,1.52,111.51,62.61,11.32,6.22,35.99,21.2,21.15,2.01,4.59,51.23,49.95,18.58,67.37,71.63,92.04,5.33,3.53,120.44,71.89,2.08,10.24,39.02,40.96,4.87,59.57,48.84,59.46,6.47,3.78,69.57,54.5,2.52,22.48,25.05,55.87,13.93
141,5.45,11.26,1.9,0.81,9.64,4.42,4.0,0.76,8.0,14.99,3.36,0.74,10.09,12.45,6.38,0.64,10.46,4.77,3.11,0.25,10.05,12.86,3.61,1.16,13.89,28.37,3.02,0.66,1.06,4.81,6.52,2.99,2.24,12.75,9.36,1.34,3.72,23.62,8.72,0.46,1.69,14.21,11.96,1.23,0.92,9.25,15.0,1.57,1.54,10.14,14.01,1.3,1.54,12.01,8.22,3.48
142,1.7,2.71,0.31,0.42,2.53,8.94,6.4,0.82,2.33,3.43,1.36,0.72,1.71,8.22,6.37,0.19,5.21,2.81,1.79,0.07,1.15,3.7,1.08,0.36,2.54,6.28,2.03,0.36,1.18,10.25,1.64,0.38,2.29,3.22,2.28,1.19,2.28,1.68,2.24,0.18,0.89,4.99,1.61,0.63,0.51,1.35,3.37,0.14,0.37,3.53,0.84,0.55,0.9,6.35,3.2,2.86
143,2.61,7.58,1.72,1.13,13.25,13.68,4.21,1.37,15.02,3.19,2.05,1.22,13.9,5.1,2.11,1.22,12.16,3.34,2.21,0.75,4.78,7.4,1.87,0.66,5.49,5.54,2.82,0.57,1.09,4.86,3.7,0.72,3.48,5.11,6.98,0.5,4.68,11.74,3.75,0.16,1.34,16.77,6.55,0.75,6.99,4.63,7.97,1.32,2.88,10.02,4.49,0.94,1.08,2.15,6.73,2.54
144,0.48,1.49,1.01,0.95,2.71,1.81,3.54,0.46,4.15,3.35,2.87,0.41,2.37,5.84,2.38,0.16,2.6,4.06,3.18,0.77,2.13,2.32,2.22,0.65,1.39,2.13,2.8,0.19,0.68,2.6,1.11,0.62,2.01,3.25,1.07,0.05,3.24,1.58,3.63,0.22,1.6,6.58,1.37,0.36,0.38,1.37,5.48,0.6,0.45,1.73,0.69,0.21,0.9,2.31,1.27,0.23
145,1.57,2.58,7.6,1.51,3.02,8.97,6.55,0.97,4.0,3.54,6.45,0.87,2.89,5.51,2.22,0.72,3.56,8.78,4.41,1.17,2.54,8.7,7.66,0.79,2.76,7.43,11.48,0.23,1.35,3.88,5.13,3.73,4.15,3.34,5.26,0.23,2.69,4.96,5.44,0.25,2.05,7.47,6.94,0.43,2.74,9.31,8.46,0.15,2.35,7.45,4.01,0.55,4.92,4.4,5.85,2.43
146,1.09,1.51,0.34,0.58,7.44,1.73,1.5,0.3,3.69,1.91,2.13,0.62,3.29,6.3,1.51,0.27,5.02,1.78,1.54,0.43,2.0,1.51,0.93,1.05,0.93,1.5,0.78,0.17,0.63,1.72,1.22,0.52,3.7,4.93,1.76,0.29,2.33,6.63,3.26,0.35,1.08,13.02,1.99,0.3,0.35,4.0,1.52,0.13,1.93,6.2,0.75,0.57,0.55,2.52,1.29,0.49
147,9.19,33.36,5.08,2.75,18.04,19.43,7.73,1.01,15.3,11.32,19.02,2.94,17.76,27.92,7.87,1.38,21.88,12.07,5.08,0.59,16.03,14.67,6.03,2.19,23.03,59.71,24.53,1.12,3.39,8.03,9.3,12.84,6.1,19.11,34.47,6.09,3.66,37.3,21.97,1.72,7.48,17.3,17.46,1.81,7.06,12.4,25.05,4.0,4.3,23.06,13.25,3.87,4.05,11.97,17.52,14.0
148,2.32,8.31,2.99,2.69,3.4,8.99,3.67,0.77,3.43,5.07,2.65,0.82,2.56,6.07,6.42,0.96,3.83,3.26,6.63,0.09,2.62,7.57,2.55,0.62,3.09,7.42,2.37,0.4,1.24,2.56,4.19,6.68,1.13,7.11,4.0,1.08,2.63,5.21,8.01,0.62,2.46,3.77,6.18,1.39,1.93,3.84,7.48,1.09,1.09,5.08,6.45,1.91,1.1,3.41,6.46,2.98
149,2.6,6.31,2.34,1.16,15.88,6.25,3.67,0.97,14.08,7.2,4.57,0.96,16.63,9.59,4.85,0.45,14.96,5.1,1.85,0.27,12.15,5.72,4.53,1.09,3.41,8.29,3.72,1.14,1.89,4.98,4.27,4.93,3.99,13.33,13.18,1.31,3.74,20.4,12.44,1.08,2.71,14.67,12.23,1.34,1.85,12.59,11.02,3.26,2.67,12.63,5.71,1.61,2.38,6.16,6.08,4.15
150,1.61,4.89,1.78,0.61,5.94,2.15,4.4,1.09,6.33,3.3,1.54,0.59,6.46,3.84,2.07,0.35,5.23,5.49,1.84,0.17,3.44,3.17,1.8,1.25,2.7,5.76,2.11,0.1,0.75,2.83,4.53,0.92,2.6,8.0,3.68,0.35,2.3,9.86,4.07,0.44,2.54,7.13,2.91,1.03,1.94,7.0,3.74,0.16,1.47,6.65,1.37,0.37,0.83,2.32,2.52,0.46
151,1.49,6.21,3.12,1.9,7.68,8.83,3.24,0.95,6.31,6.4,5.66,0.69,5.43,6.62,8.04,0.32,5.74,6.43,6.01,0.59,4.07,6.62,4.17,0.82,3.8,10.03,7.64,0.69,2.77,3.74,1.89,2.84,3.2,5.47,4.26,1.18,3.27,6.21,8.49,0.65,2.48,11.35,5.06,1.27,3.02,5.97,5.49,1.33,2.58,7.04,4.51,1.96,4.14,4.74,4.59,1.92
152,0.49,2.03,0.7,0.21,2.91,2.48,0.99,0.17,1.08,3.15,1.95,0.21,2.16,2.92,4.41,0.06,1.58,1.32,0.87,0.14,0.76,1.46,3.2,0.27,0.79,1.17,0.42,0.17,0.38,5.45,1.26,0.3,1.47,3.25,1.98,0.2,1.76,0.8,1.18,0.3,2.07,3.43,1.14,0.23,1.04,1.55,2.27,0.16,0.49,1.54,0.81,0.31,0.86,1.19,1.53,0.15
153,0.55,6.63,3.9,0.49,5.92,3.17,2.82,0.47,3.27,8.49,5.21,0.33,4.61,6.05,5.33,0.26,3.36,6.41,1.42,0.32,1.7,3.31,8.39,0.22,1.43,4.14,6.27,0.26,1.45,11.91,1.98,0.42,3.74,5.67,2.89,0.48,2.36,4.7,3.09,0.58,3.03,4.89,2.36,0.48,2.68,6.25,2.55,0.3,1.64,2.03,1.97,0.38,2.26,6.31,1.9,0.24
154,1.47,8.11,2.24,2.4,6.14,10.08,4.74,0.44,3.36,14.79,8.05,0.25,4.4,18.94,7.36,0.46,5.19,12.21,5.67,0.34,3.12,13.83,3.05,0.94,2.2,5.06,5.57,0.35,1.12,6.06,4.72,1.16,5.08,14.18,5.14,1.21,5.79,10.33,8.78,1.78,7.42,10.67,6.15,1.85,4.73,12.57,4.61,1.06,2.04,11.23,3.18,1.4,2.64,4.11,7.27,1.27
155,6.44,24.03,17.22,3.58,16.43,25.17,15.82,2.64,11.91,23.22,22.69,2.39,14.5,27.51,24.93,1.78,13.7,21.78,18.98,2.37,11.79,27.3,14.94,1.68,6.2,24.38,16.29,2.36,5.32,24.49,13.68,2.55,10.05,27.83,18.48,2.73,15.27,30.65,21.13,2.53,13.37,28.82,20.11,4.08,8.55,25.71,13.12,3.54,10.27,21.38,14.72,2.55,9.16,17.78,16.34,3.07
156,1.92,4.71,5.06,1.31,4.64,7.81,2.64,0.52,4.21,6.51,3.67,0.59,4.34,7.59,2.52,0.25,3.02,4.12,2.71,0.08,3.41,3.7,3.14,0.38,4.07,6.49,1.64,0.65,1.15,4.57,4.64,1.96,2.35,6.3,6.26,0.96,3.46,5.76,4.29,0.96,2.13,6.65,4.88,0.75,1.34,4.71,7.48,0.71,0.67,6.16,3.73,0.8,1.46,5.68,3.56,0.95
157,8.48,43.67,34.57,9.83,23.38,28.68,30.84,3.97,23.91,36.13,32.85,2.5,15.17,26.57,23.46,3.63,19.95,35.58,32.84,7.06,14.34,33.94,29.31,3.95,17.74,41.88,42.17,6.59,10.6,38.36,18.89,16.03,16.79,16.06,33.43,3.53,12.71,32.38,29.5,5.16,10.69,49.81,32.97,3.56,15.23,47.35,30.44,2.91,10.69,30.67,26.39,4.43,10.98,48.85,33.44,10.49
158,5.39,23.93,4.37,4.88,4.33,21.64,20.75,1.73,3.72,25.38,11.9,0.88,3.7,15.22,22.8,2.11,4.39,13.05,12.62,2.43,3.65,20.86,10.29,2.05,5.9,26.0,23.55,2.46,7.8,25.12,11.49,2.24,11.95,10.44,8.94,2.84,14.03,11.6,13.39,1.36,7.97,7.95,8.99,1.44,8.74,10.9,15.16,2.34,6.55,12.61,9.33,1.86,9.03,17.69,18.3,2.48
159,1.38,11.91,6.14,1.86,12.15,7.01,8.06,1.03,8.35,12.01,6.42,1.38,10.29,9.78,4.87,0.67,8.06,8.62,3.95,0.68,6.46,10.95,5.67,0.77,2.56,7.89,6.61,0.87,2.68,11.86,4.46,1.39,4.9,10.53,5.92,0.41,2.82,8.8,7.6,0.98,4.19,10.21,4.86,1.01,2.88,11.85,5.0,1.03,3.6,9.09,5.35,0.92,3.28,8.89,4.77,0.44
160,3.37,17.69,9.09,2.6,4.77,9.78,11.65,1.48,4.56,15.99,17.11,0.36,5.5,16.3,18.92,2.31,8.44,11.54,12.23,2.56,4.02,27.87,13.01,1.67,5.5,8.74,12.16,2.68,2.2,16.7,8.39,5.27,6.05,15.58,10.49,5.83,9.21,11.22,11.25,2.05,8.95,12.32,10.8,2.58,5.59,15.85,11.46,1.66,6.5,12.35,7.31,3.11,5.82,7.83,7.56,3.73
161,28.21,38.59,9.63,3.03,71.46,70.16,11.25,3.65,124.41,124.73,42.33,4.05,107.39,127.02,18.25,4.09,68.19,97.31,36.04,2.87,65.92,75.53,24.56,3.32,43.91,60.56,20.08,11.38,3.83,64.96,14.23,24.32,19.44,91.72,37.57,3.53,35.37,70.02,57.67,1.77,14.3,69.23,85.74,5.33,69.83,90.56,47.88,6.61,90.45,46.86,31.64,5.18,3.5,32.41,57.26,13.69
162,31.33,103.87,54.06,15.24,98.87,62.27,60.58,11.27,104.65,106.7,82.29,4.14,34.29,145.37,52.93,8.69,47.91,71.18,55.51,8.06,44.63,85.41,94.76,10.77,27.84,192.9,59.22,9.3,23.03,117.07,42.3,46.32,27.49,59.0,81.22,5.03,26.71,119.38,50.41,13.04,30.49,137.9,135.13,10.43,31.38,128.77,45.13,19.92,25.67,167.15,51.51,15.65,39.6,83.4,132.84,18.37
163,35.82,23.02,10.58,6.12,37.98,44.3,19.02,3.37,26.97,58.51,28.43,2.38,64.91,66.19,31.82,2.12,55.54,45.62,16.35,1.36,61.88,44.08,11.57,3.7,17.29,23.95,15.44,2.04,2.3,25.79,16.5,14.96,21.7,37.25,41.19,2.52,29.79,29.95,73.65,2.34,20.64,44.14,35.93,3.16,21.32,35.53,27.42,5.38,9.96,26.2,18.51,5.55,5.37,22.5,14.87,7.72
164,9.98,4.32,2.83,0.89,13.64,10.67,3.57,0.48,9.92,15.59,10.45,0.77,13.87,17.98,14.71,0.78,9.25,10.33,1.68,0.45,11.0,12.23,5.74,0.68,6.03,39.56,3.53,1.07,0.78,7.37,4.85,4.67,5.52,7.27,11.43,2.06,7.16,5.08,7.25,0.83,2.82,11.21,16.29,1.62,5.08,14.07,9.18,1.48,2.71,11.34,9.33,2.03,1.81,4.34,9.86,2.94
165,0.72,2.45,0.42,0.83,2.17,5.55,3.5,0.45,1.79,4.21,1.23,0.65,1.23,4.57,4.97,0.09,2.87,6.23,2.78,0.4,0.6,4.53,1.37,0.49,0.65,1.92,1.67,0.71,0.24,7.4,0.94,2.14,2.84,6.32,7.12,0.67,2.28,4.77,2.19,0.69,1.91,9.51,2.58,0.82,1.08,8.53,4.28,0.81,0.96,1.56,1.34,0.73,1.33,4.84,4.08,2.49
166,2.43,3.62,1.77,1.71,14.09,17.76,1.96,0.77,11.71,10.17,5.35,0.96,13.1,4.61,3.13,1.52,13.36,10.43,1.76,0.73,14.52,3.01,4.93,0.9,2.3,5.99,1.14,0.66,1.04,6.31,5.07,4.42,5.1,16.69,5.14,1.01,13.41,11.56,6.17,1.62,3.85,22.09,8.45,1.34,5.76,9.24,7.28,2.32,2.89,7.15,6.93,1.34,1.5,1.16,6.67,3.04
167,0.39,2.28,1.0,1.38,2.81,5.45,1.04,0.86,1.58,9.5,1.7,0.5,3.33,2.81,2.71,0.03,2.14,3.29,2.78,0.47,1.99,4.67,1.8,0.42,0.45,4.25,2.64,0.85,0.33,1.53,1.19,0.82,6.36,2.61,2.62,1.28,9.63,1.52,0.74,0.57,3.16,2.49,1.93,0.72,3.65,1.94,1.8,0.19,2.35,2.79,0.63,0.66,0.56,4.74,1.08,0.34
168,0.47,10.52,4.61,1.87,1.48,7.43,5.16,0.83,2.03,7.72,7.83,0.58,4.22,6.94,7.8,0.96,1.78,16.09,8.23,1.51,2.04,5.06,6.37,0.66,2.13,8.51,13.94,0.82,1.2,9.34,1.72,4.01,7.17,2.86,7.81,1.56,9.84,3.43,2.7,1.18,7.69,13.04,7.84,0.9,7.95,12.29,3.59,0.22,2.72,8.81,0.73,1.45,4.8,4.29,2.5,0.99
169,0.82,2.26,1.48,0.36,7.68,2.71,1.52,0.28,6.62,1.56,1.92,0.48,4.62,2.13,2.63,0.18,3.32,5.94,1.12,0.43,5.07,0.96,1.58,1.21,0.46,0.9,2.93,0.47,0.28,5.64,1.11,0.7,3.11,7.18,3.37,2.5,4.68,7.26,1.05,0.11,1.88,10.87,2.02,0.41,2.38,6.75,1.45,0.13,1.69,6.67,0.87,0.69,0.71,2.04,3.3,0.34
170,9.07,14.9,6.21,2.13,24.66,16.88,7.64,0.4,14.65,16.09,13.62,1.36,26.06,22.56,13.99,0.76,23.68,18.55,5.32,1.98,25.53,24.14,5.74,1.32,16.56,32.33,9.07,1.25,1.8,17.66,5.43,13.59,11.21,18.85,16.66,2.34,10.58,16.44,24.47,2.2,10.51,31.12,17.93,2.25,11.62,18.77,15.95,4.86,6.13,13.59,11.57,3.47,3.06,9.71,9.84,11.47
171,1.07,2.3,3.18,1.4,4.32,6.83,3.73,0.43,2.66,10.24,4.05,0.78,4.59,7.65,4.64,0.28,2.37,8.77,4.47,0.57,2.28,4.69,1.87,0.61,0.82,2.93,1.29,0.69,0.95,1.52,2.93,4.59,5.01,10.54,10.4,2.41,8.55,3.25,5.33,1.22,4.4,4.64,3.56,1.43,5.55,6.46,6.91,1.83,4.25,2.41,2.65,2.02,1.07,3.21,1.54,2.97
172,1.8,4.67,2.97,0.67,15.15,8.61,4.72,0.81,19.46,12.06,5.09,0.98,16.93,9.79,3.54,0.32,18.94,11.14,3.97,0.68,15.12,4.07,4.35,1.1,1.43,6.72,4.24,1.27,1.53,9.6,3.49,7.06,8.05,17.21,11.95,1.8,10.56,13.86,10.97,1.4,5.26,12.34,10.84,0.49,7.66,7.62,8.85,4.53,3.51,10.45,4.99,1.51,2.02,5.98,4.52,7.7
173,0.81,2.59,2.42,0.93,6.15,3.64,1.69,1.44,6.55,6.47,1.81,0.83,5.8,3.31,1.57,0.31,3.78,4.58,2.28,0.81,5.65,2.29,1.45,1.02,1.08,1.93,0.92,0.73,0.73,1.53,2.3,1.11,4.54,9.34,4.64,2.03,7.38,4.6,1.31,0.37,3.97,6.54,3.0,1.26,4.08,7.18,2.06,1.04,2.27,3.11,2.12,0.5,0.9,1.9,2.29,0.82
174,1.23,3.93,2.91,1.43,9.61,5.19,4.37,0.52,7.76,10.36,7.54,0.63,10.16,11.67,6.14,0.48,11.1,13.16,5.85,1.26,4.32,7.41,4.17,0.69,1.02,8.94,1.78,1.01,2.23,3.71,1.96,4.03,6.97,10.04,9.39,2.0,9.59,5.25,4.63,2.05,6.75,20.15,5.0,1.83,5.34,8.56,7.8,3.2,2.89,8.85,2.1,2.13,3.26,2.68,2.18,1.87
175,0.29,1.1,2.92,0.29,1.08,2.6,1.4,0.19,1.8,2.16,1.92,0.22,0.48,1.23,0.56,0.02,0.97,4.68,0.41,0.33,0.8,0.69,0.82,0.44,0.34,1.06,3.18,0.13,0.32,2.35,1.06,0.3,1.1,2.53,6.13,1.02,1.67,1.32,1.28,0.09,1.27,2.35,0.82,0.28,0.63,2.18,1.2,0.06,0.87,1.81,0.89,0.89,0.99,0.77,0.45,0.33
176,0.34,0.79,1.38,0.79,1.01,2.58,1.46,0.26,0.84,2.97,1.18,0.31,0.49,2.55,1.01,0.07,0.97,2.6,0.86,0.38,0.3,2.62,0.74,0.3,0.73,1.47,1.05,0.41,0.33,1.57,0.99,0.97,1.02,2.96,2.89,0.75,0.72,0.81,1.58,0.11,0.96,3.67,1.64,0.22,0.74,2.36,1.39,0.06,0.67,1.47,1.38,0.3,0.52,1.01,0.92,0.34
177,1.17,4.23,3.11,1.52,5.15,6.41,4.44,0.79,2.1,5.86,2.48,0.43,3.6,5.5,6.67,0.52,2.04,5.95,3.3,0.6,2.07,4.65,2.86,0.79,1.56,6.26,5.05,1.04,0.64,5.58,4.4,0.96,4.21,7.05,6.16,2.02,4.17,7.11,5.64,0.59,3.62,7.18,4.11,0.8,3.0,5.26,2.92,0.23,2.18,5.55,3.68,0.61,1.29,4.41,3.48,0.7
178,4.76,15.64,11.12,2.05,12.08,28.9,14.54,2.23,13.76,24.22,19.5,1.4,11.11,22.56,17.47,1.54,9.36,27.3,12.34,3.03,7.9,15.83,14.64,2.7,4.15,21.11,13.72,1.93,4.39,24.16,9.76,2.46,10.38,24.64,14.67,5.85,14.13,23.06,12.54,2.62,12.45,26.95,12.47,3.63,7.55,19.18,7.56,5.53,8.12,15.41,10.12,2.91,10.25,16.64,10.22,2.8
179,1.56,4.68,5.12,1.58,4.69,6.86,3.02,0.64,5.54,5.79,3.5,0.36,6.93,9.58,3.0,0.29,4.57,6.14,2.44,0.33,3.89,7.87,2.51,1.21,2.73,6.67,3.35,0.68,1.04,4.74,4.19,3.74,3.28,7.29,6.9,1.74,1.71,4.5,5.25,0.63,1.8,8.74,6.52,0.94,1.22,5.59,4.02,0.8,0.77,3.92,4.61,0.95,1.52,6.87,5.6,1.74
180,8.36,53.49,27.38,7.81,21.02,25.33,33.09,2.94,24.11,36.15,36.4,2.03,15.98,34.47,31.0,3.82,15.44,38.61,32.76,6.87,12.7,31.56,30.8,3.86,10.78,26.04,38.49,7.15,8.99,35.52,24.04,15.53,14.76,28.24,23.07,4.24,16.1,29.5,26.11,3.4,11.53,50.94,27.85,3.99,13.35,42.55,20.4,7.02,11.46,29.24,17.07,4.42,18.26,37.9,27.48,9.7
181,0.63,6.25,6.96,4.57,1.91,5.36,6.7,0.44,3.38,6.91,6.02,0.73,2.37,5.25,8.08,1.07,1.79,7.38,3.23,1.35,1.43,3.08,5.38,1.62,1.78,9.27,5.17,1.72,1.78,7.13,2.22,1.09,6.32,8.95,10.5,1.78,4.53,4.88,4.32,0.26,5.79,10.61,5.07,0.77,5.98,5.96,2.97,0.45,2.77,4.29,3.58,0.81,2.91,4.35,5.65,1.05
182,8.9,20.61,19.27,4.0,16.32,27.88,20.34,4.11,15.92,26.48,25.04,1.72,15.35,29.48,21.87,2.85,13.43,31.28,20.58,3.84,8.84,25.06,22.17,3.99,6.87,22.76,15.93,5.74,5.59,28.05,14.06,4.17,9.47,28.02,15.3,2.27,11.37,26.37,18.18,1.67,12.07,31.8,16.47,2.02,7.66,23.9,13.35,3.43,8.12,22.18,17.67,2.06,5.38,24.69,10.37,3.83
183,4.34,24.9,10.67,4.2,14.37,18.87,16.69,2.98,13.37,27.33,14.35,1.89,10.75,18.57,16.41,2.85,8.39,24.76,17.71,2.48,10.14,16.79,13.85,2.85,6.8,17.27,13.83,4.05,6.65,25.76,12.34,4.57,12.29,27.39,16.9,2.51,14.13,30.65,19.1,1.8,15.19,28.47,19.23,1.17,12.98,21.71,17.37,1.87,9.86,18.35,9.73,1.95,6.4,28.88,12.87,2.28
184,54.3,220.34,111.74,48.95,200.73,177.15,78.12,9.47,151.52,197.64,37.83,11.19,297.43,402.39,156.75,7.26,122.69,195.46,71.12,12.03,172.71,169.83,52.09,6.28,97.94,112.29,92.83,20.95,14.35,236.68,108.14,56.81,197.98,111.2,120.18,13.33,128.01,99.07,207.56,9.68,153.26,152.49,155.69,11.45,125.68,113.06,244.29,13.49,168.61,131.78,138.05,30.48,24.87,108.13,207.69,33.9
185,36.61,238.3,152.04,76.08,181.21,151.78,123.17,16.4,290.93,121.32,74.78,18.04,200.5,244.45,140.41,9.75,98.1,77.72,51.93,25.22,143.18,139.38,121.88,11.95,169.55,167.65,187.48,38.47,36.34,215.63,122.62,59.8,127.47,232.57,111.3,15.46,92.88,66.95,125.61,16.67,130.73,188.95,201.82,17.81,61.53,159.41,275.61,28.78,216.12,203.52,88.55,37.52,52.34,174.83,235.68,32.8
186,96.17,138.35,98.74,46.88,312.74,286.56,115.52,5.65,442.81,137.79,44.09,22.27,377.4,341.88,112.25,9.02,122.08,139.89,20.35,10.6,329.13,172.42,59.26,7.39,199.26,94.12,98.5,25.38,18.74,142.68,54.67,53.55,340.17,135.64,129.39,13.67,179.08,62.84,243.4,10.17,247.26,132.36,130.65,13.26,152.15,56.26,161.53,20.77,156.17,207.34,32.73,37.66,12.99,82.24,223.94,34.03
187,25.1,55.23,50.01,36.41,75.9,57.33,65.87,5.54,70.59,36.91,11.28,5.48,23.66,64.35,55.64,5.37,23.11,43.15,8.46,6.18,26.53,57.14,35.13,4.21,83.16,66.49,41.3,8.77,7.73,110.06,45.41,15.52,52.88,35.77,51.89,11.21,64.74,28.7,97.76,3.62,45.85,28.66,61.55,6.78,27.33,32.81,80.4,7.21,33.03,48.51,32.75,8.26,4.14,33.19,103.66,13.53
188,9.94,71.11,57.78,50.31,12.29,35.57,40.87,1.18,8.01,25.46,1.14,7.0,8.5,59.62,67.01,2.67,7.87,21.91,15.07,7.41,4.47,42.82,19.65,2.27,5.68,23.1,33.98,17.75,7.57,117.89,22.63,3.65,59.36,17.53,16.85,2.67,44.35,3.01,17.66,1.18,46.45,13.93,28.82,3.6,23.72,10.4,34.93,3.2,39.81,25.48,8.85,5.06,4.81,27.94,47.58,5.31
189,11.89,46.49,22.7,10.94,35.5,44.25,20.66,4.17,20.72,20.27,8.81,6.04,25.24,36.74,32.91,4.31,21.58,36.61,4.11,3.53,22.9,25.66,9.32,1.55,8.88,18.66,24.59,6.49,3.45,63.98,10.06,6.56,42.95,37.02,19.4,4.29,30.76,27.17,16.56,2.64,33.67,37.18,19.84,6.73,23.8,19.62,30.32,4.09,26.92,26.24,15.18,4.94,2.98,8.95,37.9,7.89
190,8.65,4.24,5.1,15.79,9.48,8.15,45.72,1.17,3.76,4.45,8.07,2.46,3.48,18.65,28.63,0.51,6.34,13.09,2.26,6.24,4.37,13.24,10.44,1.12,2.25,15.55,6.14,3.09,2.86,53.8,4.59,2.48,61.55,10.41,3.97,1.18,44.15,3.9,6.58,0.62,30.97,8.28,21.63,1.89,4.9,10.77,6.57,2.07,3.72,19.76,8.17,0.84,5.24,5.73,11.48,1.96
191,7.94,19.7,22.96,7.96,14.64,23.65,16.27,2.8,9.33,25.91,21.31,5.35,13.01,26.81,18.05,2.22,15.46,21.66,23.89,2.16,12.2,29.3,18.23,2.93,5.96,23.64,15.22,6.56,9.17,23.9,20.99,4.4,17.22,28.95,11.84,2.79,8.26,13.99,19.25,1.98,9.34,19.56,22.05,3.01,10.33,23.43,17.44,3.47,8.1,16.22,15.6,3.74,15.62,23.8,19.77,7.0
192,4.01,13.21,14.38,13.68,12.52,10.56,2.49,2.31,11.79,10.95,6.89,3.15,9.27,19.88,12.94,1.35,17.1,9.97,23.31,2.99,11.37,11.77,15.95,3.85,3.87,9.4,23.74,13.18,9.88,9.89,18.33,3.31,8.6,20.93,18.02,1.83,5.36,12.72,10.02,0.77,9.48,27.66,12.28,1.63,12.55,36.31,21.37,2.29,4.2,15.85,10.41,2.49,5.67,15.29,10.83,2.81
193,25.76,128.19,58.33,29.11,109.1,79.93,44.18,6.7,101.95,67.65,19.48,10.07,68.11,75.98,42.68,9.66,65.14,65.68,10.27,6.99,45.53,71.23,61.4,5.85,69.18,93.94,77.22,18.67,9.57,92.83,71.5,63.36,117.92,88.84,60.2,16.58,40.48,65.08,113.67,5.22,55.26,75.76,84.72,13.41,30.6,45.55,106.03,16.18,35.06,44.3,66.41,23.35,6.02,37.39,106.74,43.73
194,10.42,39.68,34.91,24.86,13.58,43.74,18.32,3.11,9.68,11.43,11.92,4.68,11.45,44.21,31.28,5.07,13.53,26.6,7.34,4.16,10.72,36.08,9.12,2.11,8.35,27.93,16.14,8.76,7.36,47.82,12.08,13.31,28.2,31.26,24.37,5.59,14.33,13.84,52.19,2.75,43.59,21.72,34.88,6.17,26.65,22.44,34.32,5.08,21.75,22.18,15.89,6.54,2.63,16.34,42.17,12.07
195,8.65,45.02,31.57,25.63,37.15,47.58,29.02,2.63,33.82,13.15,13.43,4.82,38.81,43.28,30.54,3.03,34.67,25.71,6.24,4.16,20.82,27.68,10.48,2.1,8.45,26.31,29.25,7.19,9.76,56.46,38.88,17.66,34.38,45.33,35.39,4.62,17.03,34.93,56.41,2.72,38.99,37.74,44.26,6.91,20.53,37.86,64.72,8.01,21.94,32.8,14.81,7.01,3.29,16.66,42.7,16.08
196,7.35,16.76,7.5,15.24,14.64,16.98,25.26,4.63,11.36,14.44,9.96,3.51,12.52,18.89,10.49,2.08,13.92,19.77,9.47,3.63,12.02,21.06,9.78,2.17,8.44,10.41,9.98,4.34,8.93,14.5,11.48,3.1,14.43,39.8,15.11,2.52,9.73,19.87,14.64,1.34,14.91,29.32,18.4,1.56,7.94,35.29,22.31,1.73,7.51,21.12,14.11,2.4,2.09,12.23,15.41,3.75
197,10.78,39.35,32.81,12.79,30.41,57.84,27.35,2.04,8.62,45.36,29.89,5.67,13.29,85.9,33.83,3.23,20.16,31.54,19.98,4.74,19.9,35.58,21.66,4.39,8.92,27.75,18.82,6.5,14.16,57.02,22.69,9.03,55.14,41.47,31.3,3.6,30.48,22.11,36.96,3.53,43.67,39.28,27.26,7.24,46.66,25.18,35.53,7.36,26.0,31.5,16.96,6.06,18.85,22.71,38.51,7.69
198,2.32,15.29,10.22,10.56,4.01,9.58,2.08,0.75,3.59,11.16,3.05,1.39,4.93,9.04,4.5,1.03,6.26,9.73,9.55,2.82,4.61,8.98,6.94,0.73,1.71,4.89,2.99,2.54,10.92,12.22,8.53,0.95,3.39,7.07,6.94,0.42,7.0,7.31,7.4,0.63,6.0,14.39,4.71,1.11,7.27,12.13,9.13,3.51,3.73,8.48,4.27,2.12,6.38,11.21,2.48,1.36
199,4.14,26.24,69.05,12.32,6.43,17.56,48.08,3.45,6.78,13.51,13.18,1.96,9.47,20.21,80.42,1.88,12.07,37.85,15.28,7.38,7.92,16.98,17.76,1.89,2.8,7.91,13.32,1.42,7.59,76.9,16.01,2.75,26.91,15.53,11.74,1.56,35.37,18.43,15.2,0.7,31.4,27.55,28.69,1.7,9.11,26.27,12.81,2.47,7.23,23.26,9.33,2.56,12.52,26.79,10.02,1.93
200,4.13,25.54,16.37,11.81,9.7,22.54,12.2,2.1,7.09,20.56,9.12,1.95,8.21,8.52,19.61,1.21,10.5,9.79,9.88,4.06,9.02,20.98,10.09,2.37,4.41,15.28,5.86,2.97,3.04,9.28,16.85,2.91,11.45,22.97,15.06,1.65,7.83,13.1,18.14,1.48,9.3,18.52,11.57,1.78,4.67,25.93,20.5,2.09,5.77,15.77,8.51,1.46,5.3,14.91,11.26,2.78
201,14.48,62.56,39.3,16.46,42.67,58.51,38.31,6.6,39.51,64.32,55.05,6.14,42.52,60.88,71.31,4.98,39.96,73.29,45.52,4.46,35.03,64.99,34.93,5.77,19.76,64.08,43.2,7.2,21.17,71.38,47.42,14.42,41.55,65.95,48.46,7.37,35.87,76.44,58.66,3.44,55.78,66.93,50.23,6.35,45.4,65.04,49.54,9.96,35.23,51.33,29.68,5.51,23.59,69.79,45.04,14.68
202,5.34,22.67,31.83,13.74,10.23,27.63,19.14,4.16,14.14,18.02,14.93,3.36,14.59,17.1,33.93,1.98,13.72,25.35,11.91,4.88,14.65,19.89,18.01,1.97,8.6,28.73,8.06,3.54,14.54,32.92,12.88,5.78,9.51,16.76,19.55,2.82,6.79,28.43,16.81,1.68,28.79,28.77,19.59,3.96,7.73,30.32,24.59,2.64,7.26,26.05,19.08,3.12,14.42,19.96,18.38,4.84
203,27.25,114.21,54.36,21.41,57.2,103.08,58.12,8.38,48.22,111.0,71.02,10.9,50.37,98.34,60.69,7.41,55.66,84.92,50.76,11.51,34.11,90.46,51.47,9.3,52.32,97.48,63.69,15.73,21.95,114.03,73.44,26.4,60.56,104.01,77.86,10.35,44.93,97.41,95.42,9.0,86.07,100.65,77.12,10.59,58.72,100.83,141.91,17.08,54.08,86.62,70.57,10.72,34.01,103.93,65.8,23.07
204,22.33,132.59,76.61,31.7,31.24,125.06,117.71,12.23,33.57,106.73,108.96,11.85,32.65,122.2,86.52,12.25,41.83,123.16,98.6,20.76,38.31,91.63,86.1,13.13,30.24,98.66,75.77,29.86,45.36,130.81,82.69,19.26,72.8,97.77,73.45,9.24,66.92,92.1,82.31,4.99,72.23,112.34,69.71,8.1,73.08,100.16,90.87,16.56,51.64,86.42,65.1,10.22,60.4,124.09,71.15,16.59
205,98.91,366.1,191.85,49.86,242.88,343.21,177.8,35.94,278.62,299.84,218.19,29.61,239.89,318.46,234.14,33.38,288.18,289.36,215.23,38.3,211.87,309.46,181.33,37.39,139.64,420.94,180.86,57.0,68.75,273.96,190.16,74.81,146.12,436.53,297.63,32.53,157.17,352.88,312.77,38.08,159.18,427.07,245.04,33.13,162.49,412.01,245.53,42.6,124.71,432.94,238.26,38.13,72.14,399.25,213.37,60.86
206,62.93,220.37,111.56,38.56,82.37,209.52,132.23,21.4,107.24,202.81,152.6,11.44,134.91,181.56,164.01,16.3,100.87,186.05,174.98,33.23,84.76,214.07,108.36,27.47,68.32,256.19,106.99,45.11,59.09,226.32,107.24,34.85,174.43,207.48,194.5,11.32,177.52,195.17,228.82,16.32,220.86,252.66,133.28,19.3,206.57,217.68,168.74,20.16,143.0,300.65,190.92,12.85,55.12,267.55,131.17,33.28
207,61.86,222.32,124.74,48.0,212.0,202.36,76.95,5.09,262.61,223.36,32.69,16.17,309.26,353.84,144.93,6.41,133.91,324.15,45.88,12.1,173.28,129.07,45.8,2.31,92.59,143.47,117.69,19.62,13.92,231.67,94.45,42.0,258.13,72.88,110.29,10.12,126.02,69.95,192.54,11.16,273.11,211.49,115.49,11.87,103.4,163.89,191.74,10.1,167.26,157.44,137.21,29.51,24.74,134.52,248.74,29.77
208,64.37,252.9,199.21,57.7,261.64,290.46,171.34,11.71,406.55,121.95,105.35,22.49,307.86,334.73,168.43,15.35,124.51,287.75,169.26,23.42,263.4,378.67,206.77,14.17,219.39,223.13,191.92,37.68,31.55,290.48,131.57,58.24,123.3,279.51,164.89,15.37,83.46,111.95,162.19,20.04,124.19,381.44,121.49,29.13,58.55,300.61,357.1,33.71,231.36,148.92,197.58,35.48,50.52,170.52,429.37,39.64
209,131.33,156.14,104.7,40.98,341.19,338.6,113.26,10.72,475.1,131.27,97.1,25.17,439.61,460.17,128.85,10.68,82.11,292.47,97.27,13.41,357.51,443.19,114.37,12.26,222.83,205.93,143.43,39.71,21.24,249.62,60.32,43.69,401.04,135.29,152.31,15.03,181.39,51.78,277.97,12.11,263.54,185.75,68.37,18.22,192.66,140.0,160.42,16.5,163.28,155.1,168.84,34.62,33.64,109.89,336.23,25.11
210,22.85,74.35,69.49,33.53,76.81,82.12,77.88,6.45,78.24,56.39,18.19,7.04,28.08,93.99,47.24,6.02,32.25,97.18,17.16,6.99,28.06,93.47,47.42,4.24,102.14,80.27,52.0,8.2,7.86,141.26,48.54,12.58,51.21,45.18,62.0,10.08,70.69,37.96,96.94,3.89,50.8,30.08,48.04,6.43,31.64,21.25,78.3,6.03,35.86,51.7,44.38,8.78,4.44,40.77,96.47,13.02
211,11.66,80.71,73.2,48.64,18.46,67.07,58.26,1.99,15.98,66.55,15.31,7.19,17.92,98.74,75.28,4.74,21.12,48.99,29.58,8.18,9.02,76.85,20.65,3.0,8.14,45.7,42.83,16.84,10.14,133.1,38.57,10.97,59.09,19.69,28.93,4.71,44.97,28.2,34.96,2.13,51.26,44.15,48.45,3.95,24.27,37.88,48.41,2.89,41.95,43.34,24.91,6.69,6.93,33.91,55.13,9.25
212,13.01,53.44,38.02,10.8,25.89,50.3,28.12,5.13,17.92,22.35,14.35,6.6,15.36,55.09,32.98,5.21,20.48,61.23,11.87,4.34,19.07,38.59,20.08,1.27,13.44,34.36,33.65,5.78,4.18,80.45,16.06,7.13,42.26,38.38,25.69,4.44,31.89,34.02,18.59,2.17,44.1,44.93,21.13,6.45,25.61,17.97,36.69,3.66,38.23,34.69,18.86,6.27,3.02,10.48,39.66,8.97
213,9.67,12.75,5.61,12.81,12.98,15.67,49.67,2.07,5.75,11.84,13.49,2.78,7.55,29.13,35.89,0.87,11.51,19.88,15.63,6.83,7.76,18.82,12.68,1.53,5.73,27.54,13.87,2.03,3.89,58.01,9.87,6.39,62.78,13.22,5.23,2.91,44.48,11.87,6.19,1.21,34.43,15.27,28.65,2.71,5.06,9.05,13.2,2.67,8.38,22.48,12.94,2.73,4.12,15.81,15.36,1.67
214,9.61,34.0,29.51,5.0,24.99,42.95,26.4,4.23,23.88,43.68,29.31,5.46,27.12,53.0,22.98,2.78,22.72,33.61,34.62,3.34,18.51,52.15,26.33,3.7,11.95,44.92,29.96,7.8,10.44,33.89,44.61,16.24,18.03,37.27,20.99,3.45,9.28,34.82,24.14,2.92,12.86,27.0,27.02,2.71,11.48,28.68,26.12,3.86,12.89,29.23,22.64,4.62,13.91,32.25,29.97,12.19
215,10.85,59.21,39.74,13.84,25.17,40.73,35.42,4.02,35.05,50.1,38.51,5.8,31.07,66.87,25.54,5.14,38.35,56.07,47.48,6.5,23.61,33.35,25.53,5.6,14.44,53.66,39.27,15.7,18.96,40.98,44.19,10.33,18.64,42.57,41.19,2.97,16.41,45.95,25.3,3.53,20.24,55.44,27.58,3.44,20.98,48.61,52.4,4.32,13.73,51.43,26.31,4.37,15.6,43.88,30.72,5.56
216,29.99,153.61,90.22,26.38,91.84,104.84,51.11,7.32,104.5,94.73,21.02,10.28,52.75,116.94,35.44,10.79,61.01,124.27,12.68,7.11,46.34,128.66,67.88,5.99,59.73,103.08,84.12,15.88,12.82,97.53,70.57,42.14,117.57,98.62,65.81,13.26,44.04,86.54,73.17,7.63,56.84,79.81,66.72,10.9,29.48,66.87,104.64,11.88,37.32,63.29,52.52,21.28,7.31,35.45,111.29,26.64
217,12.44,50.83,44.83,23.88,24.17,53.86,20.34,3.18,11.38,30.36,16.45,4.73,15.23,50.93,30.09,5.41,18.38,42.66,9.77,4.26,12.95,53.11,12.74,2.1,12.85,36.69,19.88,7.22,8.84,55.51,21.0,16.63,29.91,32.14,32.97,4.7,17.23,26.5,67.36,3.38,45.88,26.64,44.6,6.62,26.35,27.28,52.54,3.85,24.94,30.22,25.19,8.17,3.05,18.99,45.79,13.71
218,11.18,54.04,38.83,25.41,41.78,63.35,34.95,3.04,32.6,19.62,20.27,4.91,32.99,62.99,30.77,3.75,28.38,51.33,7.8,4.99,26.39,47.91,16.2,2.88,11.56,35.88,36.34,6.98,10.2,64.11,53.72,18.32,33.31,56.06,42.14,4.26,19.12,54.06,70.02,3.09,42.28,46.93,52.02,7.0,18.49,53.5,72.66,7.56,25.85,48.46,23.5,8.53,3.3,18.34,43.7,15.43
219,8.78,18.81,11.8,14.81,20.87,32.35,33.01,4.21,23.27,20.94,13.74,2.96,20.42,32.67,11.07,2.74,25.38,29.89,12.86,3.54,18.86,30.6,12.64,2.2,9.97,12.41,12.94,4.79,9.57,18.52,15.23,4.68,13.98,37.94,17.79,2.44,12.44,24.71,16.01,1.28,15.75,25.77,19.81,1.95,8.29,31.86,28.36,1.6,10.85,24.4,18.97,2.66,3.76,13.68,15.23,3.65
220,11.12,45.17,35.95,10.59,32.4,75.08,37.24,2.4,17.7,49.81,33.82,5.05,19.73,94.61,28.14,3.4,25.01,58.08,25.9,4.65,24.64,57.24,24.09,4.04,10.96,33.73,21.53,4.42,12.95,52.99,30.06,8.56,55.48,39.3,33.09,4.18,29.02,28.01,40.14,3.0,46.51,42.01,31.46,6.82,42.62,32.64,37.81,5.36,27.14,33.69,16.51,7.09,15.69,21.6,46.02,7.96
221,2.47,16.81,13.61,10.86,3.78,9.86,2.51,0.78,4.59,19.5,5.25,1.07,7.54,11.02,4.9,1.43,6.38,17.08,10.06,3.58,5.22,9.79,9.81,0.68,3.12,4.68,5.96,2.71,10.99,11.16,9.2,2.23,3.44,7.94,8.55,0.5,9.65,8.87,8.45,0.82,6.78,15.93,4.37,1.18,7.4,11.55,10.17,4.24,3.91,12.33,4.67,2.0,6.63,11.93,3.56,1.37
222,3.81,27.79,70.0,10.73,4.41,19.84,48.37,3.59,6.67,10.38,10.49,1.98,8.76,15.27,80.46,1.57,12.09,31.76,18.72,8.12,6.86,15.18,20.24,1.86,4.2,4.36,13.36,1.59,7.67,75.41,11.17,3.44,27.16,18.14,11.93,1.92,35.69,17.48,12.4,0.82,32.85,28.85,29.92,1.9,11.3,27.09,7.84,2.65,7.3,24.05,8.62,2.52,12.78,28.83,8.66,2.04
223,3.11,22.92,16.38,10.86,9.59,20.09,10.38,1.9,8.89,19.11,2.38,1.81,10.78,6.33,13.48,1.43,12.87,3.4,11.01,4.04,9.43,19.17,9.02,2.04,2.07,8.09,4.66,3.01,2.83,4.73,17.39,3.42,7.8,22.77,12.65,1.77,9.7,12.35,14.97,1.12,8.23,14.99,13.75,1.21,5.48,19.75,17.26,2.71,6.02,14.31,9.1,1.35,4.82,9.67,7.87,1.83
224,10.95,26.58,28.23,5.01,23.01,49.32,28.93,4.42,21.23,38.0,21.66,4.11,20.94,43.64,26.16,3.88,25.81,30.15,26.89,4.36,20.1,42.81,18.44,5.61,6.97,29.23,18.11,5.86,14.18,49.22,41.95,9.62,25.2,55.37,23.35,4.8,19.44,51.74,41.33,2.88,26.55,43.44,39.49,4.86,24.02,40.26,45.64,10.33,16.58,35.42,23.98,7.0,15.38,40.99,21.58,8.35
225,8.98,28.66,36.84,12.38,15.45,25.78,19.53,5.09,18.9,20.61,10.01,3.08,23.49,17.47,33.34,1.97,20.01,24.4,13.02,5.66,15.4,24.05,19.51,2.08,10.73,29.31,9.94,4.53,14.91,45.59,20.91,10.91,9.28,25.98,20.42,3.66,7.53,33.43,28.41,1.64,28.42,34.89,26.27,4.71,8.07,35.14,30.05,3.13,7.53,37.22,28.99,3.96,14.92,27.26,18.28,5.76
226,34.22,116.32,48.16,19.2,76.68,88.6,55.22,10.17,73.33,100.49,58.13,10.66,89.33,97.2,50.31,7.48,82.64,77.36,55.72,12.13,60.44,89.36,41.48,9.13,56.16,104.22,65.11,16.45,18.92,133.89,99.69,41.31,58.38,120.37,92.36,13.76,37.42,162.88,117.56,11.84,73.57,125.79,92.33,13.78,41.53,101.67,169.9,23.81,44.04,95.11,90.71,16.96,35.1,110.37,83.78,36.79
227,22.13,146.76,93.15,18.02,32.07,152.36,125.49,15.31,32.3,151.65,104.74,12.54,30.55,135.51,87.0,12.58,38.84,123.72,99.84,20.86,39.38,103.96,82.71,12.77,27.31,99.29,79.08,20.52,45.97,117.37,67.11,19.02,73.86,97.62,61.2,9.7,77.02,95.68,65.49,5.93,77.94,110.1,64.09,8.19,74.93,90.07,87.4,17.11,52.69,78.94,65.7,11.51,58.94,113.42,72.55,15.56
228,76.99,273.7,184.03,44.18,210.51,278.16,158.08,23.5,255.83,245.97,169.26,25.22,243.51,251.45,177.68,28.12,248.35,249.16,170.89,30.13,174.02,229.9,176.43,21.78,100.84,261.08,141.43,41.83,67.83,208.96,162.27,50.73,124.17,326.55,215.2,23.53,120.81,277.23,212.25,29.27,146.92,307.27,166.03,30.62,137.23,261.11,193.86,33.29,109.86,275.43,171.07,28.41,62.63,248.61,189.97,53.05
229,10.55,53.79,42.89,4.97,18.39,39.11,29.5,5.69,14.44,42.47,18.82,3.25,15.37,43.54,26.84,3.13,15.82,36.35,31.8,5.41,9.64,33.15,28.79,3.15,12.55,20.33,26.22,7.5,10.73,53.03,20.65,9.78,22.06,34.24,19.77,3.53,36.17,37.47,39.1,2.49,38.02,33.56,34.25,2.87,23.86,26.1,34.45,7.12,28.58,32.34,26.54,5.14,18.03,42.94,21.5,8.17
230,57.45,240.78,179.07,53.08,251.44,264.86,112.1,14.59,332.23,289.79,131.16,20.03,274.87,250.05,228.29,24.58,202.49,373.38,215.58,25.27,254.45,238.56,177.96,35.98,148.08,337.0,98.38,38.72,50.68,215.94,191.03,86.22,183.85,448.54,261.01,26.84,127.28,509.98,330.15,15.29,154.34,276.03,282.74,17.58,106.59,441.93,243.39,15.42,152.02,215.76,174.53,17.64,70.57,275.93,160.24,80.52
231,72.0,252.6,176.03,32.24,138.55,189.97,75.29,13.95,280.11,203.84,111.34,8.56,120.04,291.42,137.24,14.58,189.71,277.19,165.7,19.86,184.23,275.74,160.37,20.83,104.98,313.78,216.79,21.66,44.79,275.53,177.06,73.2,98.41,373.04,228.13,23.88,68.73,406.33,215.11,21.4,58.89,452.23,267.34,17.73,32.38,318.72,179.29,26.81,92.48,274.11,84.47,21.89,48.05,205.13,222.52,65.31
232,80.9,324.08,256.05,60.55,140.48,356.11,245.61,25.33,212.29,233.27,210.81,26.4,224.24,260.89,255.3,35.75,259.13,259.96,239.83,38.17,272.17,341.07,150.57,44.66,136.9,342.16,139.83,41.61,65.38,387.61,265.3,83.0,203.78,516.34,293.06,24.34,211.0,553.03,458.94,20.79,125.92,483.27,401.83,17.33,70.76,385.18,358.7,28.03,98.09,275.6,217.06,19.97,106.43,261.77,292.52,69.83
233,24.09,44.19,27.74,19.47,26.58,35.65,13.12,2.72,45.51,19.49,28.48,1.56,30.73,43.66,32.97,3.34,17.62,54.87,32.44,2.29,32.17,27.46,23.03,5.21,24.47,83.91,14.17,10.88,6.38,33.91,37.66,14.94,13.01,47.85,49.44,3.68,10.95,42.83,55.41,1.95,15.3,46.94,44.79,4.44,7.81,30.04,47.13,4.01,51.24,25.22,19.92,2.24,15.22,30.86,29.28,11.5
234,6.69,23.4,14.65,3.42,22.09,19.7,10.15,2.06,20.61,18.11,21.01,2.55,20.69,28.48,35.93,2.22,18.7,20.64,21.58,3.42,11.22,24.22,9.92,4.4,11.88,23.08,14.84,3.37,5.95,18.94,17.75,10.71,12.12,22.78,32.32,2.66,9.63,22.12,33.16,2.35,8.22,33.28,33.6,1.88,7.59,32.62,31.55,4.51,9.71,12.9,23.49,1.45,5.27,32.05,26.65,10.68
235,6.16,11.55,9.54,5.89,18.3,74.66,38.3,5.13,21.71,9.68,9.18,1.2,27.27,18.54,23.02,2.32,15.24,25.57,15.02,1.69,15.3,62.78,8.9,3.64,7.46,20.56,6.13,3.39,5.05,57.84,20.14,6.31,18.92,27.65,24.13,1.91,22.38,88.66,19.95,0.95,17.34,92.78,17.28,3.63,14.62,15.24,21.0,3.45,5.74,18.78,12.91,1.31,3.17,15.08,15.55,8.58
236,3.01,7.81,9.47,3.93,9.43,13.15,7.07,1.43,7.79,14.85,11.32,1.1,8.15,18.09,23.24,1.07,7.33,18.31,15.1,1.16,7.19,16.93,7.12,1.76,4.94,15.06,11.07,1.84,4.7,11.96,9.73,4.39,7.49,15.8,12.79,1.07,10.71,11.68,7.66,1.63,5.24,13.45,9.54,0.84,5.4,9.86,10.28,0.98,43.39,7.44,4.65,0.57,2.83,17.05,7.15,2.43
237,9.82,34.27,19.55,4.46,18.5,22.99,16.89,0.91,15.66,30.53,20.96,1.89,10.54,26.46,28.67,2.76,15.85,39.68,18.97,4.63,6.75,40.45,21.24,3.98,12.38,51.24,20.55,3.42,4.76,33.31,26.67,9.54,9.3,33.25,36.61,3.78,11.88,18.53,24.62,3.55,11.07,28.46,23.05,2.29,14.4,49.61,14.77,2.55,10.51,28.59,17.5,1.89,11.11,21.35,19.41,5.51
238,1.38,9.47,5.11,1.92,14.28,8.43,4.2,2.01,20.36,8.66,8.22,0.92,13.68,9.6,9.45,1.5,12.27,4.47,6.0,1.21,18.19,3.59,1.96,1.73,1.39,10.59,7.8,1.92,5.0,3.12,12.02,3.8,8.24,24.99,9.32,2.45,13.28,34.93,7.3,0.79,8.48,19.21,6.28,2.43,7.24,20.56,4.97,0.24,2.46,33.82,12.98,1.17,2.24,10.37,10.26,1.26
239,28.76,90.44,84.27,27.37,29.08,45.52,38.57,3.97,85.9,64.16,71.24,4.79,65.05,70.45,76.32,4.67,33.85,85.61,115.15,5.23,67.27,70.09,43.88,10.92,32.69,101.65,44.74,12.26,11.75,51.71,55.92,32.73,50.42,73.07,96.21,8.08,35.46,87.52,106.58,8.1,42.96,137.91,102.3,10.41,28.49,84.95,116.92,9.31,29.55,68.54,58.56,7.95,14.96,72.99,75.63,24.73
240,5.29,23.54,19.52,12.88,9.14,16.33,9.39,1.74,14.18,12.89,14.32,1.57,8.83,17.66,34.1,2.09,11.4,28.95,33.62,1.61,6.69,20.68,11.29,4.75,7.4,24.7,12.19,7.44,5.67,13.75,17.72,6.96,9.46,19.01,27.55,2.61,9.04,23.49,24.96,1.74,8.63,25.56,19.57,2.69,9.05,17.46,21.38,3.26,8.54,14.58,12.44,3.71,3.86,20.74,12.07,7.61
241,4.06,12.69,10.86,6.53,19.97,19.24,9.83,0.98,29.78,13.36,14.33,1.58,28.77,28.9,23.27,1.82,23.25,38.99,55.78,1.99,16.7,16.54,10.87,3.12,5.5,28.25,11.48,2.33,5.41,16.76,19.55,9.7,15.9,39.89,30.09,3.74,14.19,26.81,47.42,2.9,14.81,30.11,29.64,3.05,14.28,16.45,24.84,5.02,12.82,18.24,13.13,1.97,4.35,21.91,14.84,8.47
242,2.55,9.46,15.99,3.94,14.33,12.1,3.94,2.2,8.26,13.32,6.95,1.19,60.66,9.8,15.98,2.28,16.73,8.42,7.31,0.83,11.63,56.88,5.26,2.45,8.82,5.3,17.79,2.25,3.57,5.28,25.5,3.21,6.72,22.48,16.92,1.21,7.8,30.76,11.2,0.81,9.38,32.87,12.23,2.05,7.75,16.38,10.36,1.31,26.78,11.17,9.82,2.26,1.93,10.96,7.94,1.52
243,3.63,18.97,11.35,5.75,18.07,21.32,5.73,0.83,16.75,16.46,11.64,1.36,14.5,20.85,13.66,1.36,15.75,28.09,19.15,2.21,8.4,14.15,10.47,1.65,7.1,13.46,12.62,2.53,4.59,11.8,12.41,3.2,9.88,19.43,18.63,2.08,9.59,24.93,15.95,1.86,10.54,34.22,12.52,1.63,11.43,17.87,13.38,2.61,9.67,18.05,7.78,2.41,5.49,11.15,15.41,5.08
244,1.0,1.77,4.94,1.05,5.08,5.86,2.52,0.75,0.79,9.72,3.97,0.23,0.86,3.96,2.35,1.42,1.84,6.4,3.42,0.3,3.6,3.04,1.55,0.55,0.68,6.05,6.03,1.02,0.61,3.29,3.84,0.54,2.4,4.61,7.37,1.14,2.85,7.27,8.17,0.33,1.24,7.74,2.87,0.88,1.21,7.79,4.42,0.18,1.37,3.63,3.5,1.28,0.63,4.53,1.69,0.6
245,2.34,1.36,2.68,1.45,4.08,4.08,5.37,0.51,0.68,15.89,6.47,0.35,0.86,6.03,11.96,1.05,1.85,7.19,3.52,0.36,4.45,6.34,2.5,0.48,1.23,8.52,2.99,1.04,2.35,5.74,4.57,1.13,1.99,4.35,4.02,0.48,3.17,6.4,5.99,0.22,1.76,14.45,3.76,0.41,1.1,8.81,2.04,0.39,1.18,2.99,1.38,0.66,0.42,8.77,2.11,0.6
246,0.72,2.35,2.14,1.66,6.25,5.91,2.7,0.25,1.44,8.11,3.0,0.19,1.3,4.88,5.04,0.5,2.53,2.65,3.99,0.87,3.54,3.75,1.89,0.5,1.0,1.61,5.67,0.72,0.45,3.72,3.07,0.95,3.35,4.88,2.84,0.7,3.71,5.02,2.5,0.21,1.88,5.15,2.2,0.86,2.14,6.15,4.83,0.07,1.92,2.85,3.12,0.52,0.14,1.67,1.19,0.51
247,3.35,8.68,6.0,2.9,8.72,10.83,7.26,1.35,10.23,14.6,8.86,0.64,3.32,10.53,10.01,1.67,3.84,10.89,14.54,1.39,3.62,9.12,6.59,1.41,4.09,17.13,5.62,2.15,2.93,20.45,8.3,1.28,6.56,6.05,9.94,2.08,7.58,14.6,11.36,1.09,7.23,20.55,2.91,1.9,6.14,18.51,9.49,2.1,4.0,14.58,7.69,2.9,6.3,11.96,5.19,1.11
248,3.38,9.21,8.88,4.28,12.11,7.91,5.42,1.44,5.79,13.71,10.64,1.07,12.96,21.04,14.55,1.62,7.18,14.39,11.54,0.65,8.04,12.52,6.3,2.41,6.46,12.84,9.76,2.14,2.33,12.73,10.04,7.07,2.46,15.0,10.02,1.33,4.16,13.63,9.43,0.92,4.06,14.12,10.67,2.44,1.7,10.19,5.92,1.38,1.62,15.42,10.5,1.92,4.47,17.47,10.08,3.78
249,20.96,59.63,37.54,13.24,23.67,38.15,49.02,4.73,37.4,60.47,49.46,5.39,29.76,52.73,41.46,4.84,29.33,59.61,40.93,11.4,25.86,49.38,43.24,5.44,19.52,62.67,36.46,10.14,10.63,91.44,36.39,20.91,24.24,93.8,45.03,5.79,22.95,78.16,49.03,6.02,19.49,99.95,45.05,9.12,28.41,63.89,54.15,6.08,17.34,57.83,27.35,7.97,21.64,52.81,38.88,14.0
250,3.75,7.67,14.36,7.7,6.48,30.06,15.96,2.41,2.11,31.42,9.47,1.01,3.77,8.16,17.26,4.64,4.66,8.96,10.95,4.68,7.86,16.18,14.6,1.96,3.63,21.22,13.07,2.48,4.39,20.44,9.62,3.62,10.86,21.35,18.15,2.62,9.64,26.34,12.06,0.64,15.96,30.39,10.28,1.04,9.66,16.58,7.89,1.55,9.62,13.08,8.73,3.44,9.4,21.41,9.52,2.85
251,4.11,5.52,6.3,0.87,6.54,5.61,5.28,1.61,3.91,14.19,2.15,0.81,1.46,15.84,2.19,2.55,4.89,15.94,6.18,2.21,2.8,14.32,7.4,0.45,1.69,11.07,3.02,1.73,1.5,14.23,9.72,1.3,1.33,9.71,3.9,0.84,4.35,8.45,5.77,0.36,3.06,16.66,6.88,0.92,1.34,7.92,7.76,0.19,1.41,9.97,3.21,0.84,1.14,6.09,8.93,1.25
252,2.11,2.04,5.31,0.86,5.65,4.9,5.81,0.79,0.8,6.1,2.77,0.52,0.8,14.79,1.94,2.74,2.73,11.97,6.36,1.56,3.82,8.23,4.7,0.32,0.5,2.92,3.46,0.61,1.79,15.8,6.49,0.9,2.84,5.09,2.22,0.8,3.16,6.8,4.86,0.07,4.29,12.23,1.29,0.48,1.63,8.48,6.71,0.31,1.59,6.11,1.5,0.82,0.67,6.31,1.35,0.53
